entity_ref|entity_type|numeric_id|parent_ref|procedure_key|part_template_key|content_digest
mechanicdb:v1:hd:fault:1|fault|1||||a6d839b7f811703110fec431746db7b3
mechanicdb:v1:hd:fault:43|fault|43||||5eca1daeef30b023b1e95e0bbee9fe6b
mechanicdb:v1:hd:fault:85|fault|85||||4e3e8e2739f1182fbaeedcde8c7451be
mechanicdb:v1:hd:fault:127|fault|127||||2e8a112dba3e455d8bd0ef39ba7d16c2
mechanicdb:v1:hd:fault:169|fault|169||||236672b9d75f15f92830643e297fbe78
mechanicdb:v1:hd:fault:211|fault|211||||7024196dc79fc4b1537293055cb3fb2b
mechanicdb:v1:hd:fault:253|fault|253||||8483afc676fcfe333ce0e287c8f8909f
mechanicdb:v1:hd:fault:295|fault|295||||be73a49d533d512fbf9dd6fffe00cea9
mechanicdb:v1:hd:fault:337|fault|337||||90b2190f44e28eb80fa8fa4534415bb7
mechanicdb:v1:hd:fault:379|fault|379||||894aad3c6d12c873eb23eeb86b3b974a
mechanicdb:v1:hd:fault:421|fault|421||||a3dd6d29d3b26985d8ffa01a6c7e7c15
mechanicdb:v1:hd:fault:463|fault|463||||6ad80675f987222121458d1e2670cc49
mechanicdb:v1:hd:fault:505|fault|505||||27e66ba96d5ecbd85a53239e07ab9667
mechanicdb:v1:hd:fault:547|fault|547||||2366aad4fdfa79baab78138765d6ef9d
mechanicdb:v1:hd:fault:589|fault|589||||e27e755b6b48a9b3b461b52c760829bc
mechanicdb:v1:hd:fault:631|fault|631||||81e0bbd943aea31ad4cc6dc31c7c91e6
mechanicdb:v1:hd:fault:673|fault|673||||a59f0ef6bda1f664c9ae880232e0372e
mechanicdb:v1:hd:fault:715|fault|715||||3eab8867a79af979b7f37c883c25f21c
mechanicdb:v1:hd:fault:757|fault|757||||dbf52ea77adfc91336b6871d8d940b19
mechanicdb:v1:hd:fault:799|fault|799||||7369eaabfdcdb8765dbbd4a68ed188d2
mechanicdb:v1:hd:fault:841|fault|841||||1f11827b5ce4f3385b3f7692f8812a49
mechanicdb:v1:hd:fault:883|fault|883||||3899e4b7b4a8020f396c6043cdfc4b44
mechanicdb:v1:hd:fault:925|fault|925||||7ec610507e087455f8beecf4faaa6ab9
mechanicdb:v1:hd:fault:967|fault|967||||2bfe3a9abc628d685a4b693699f5a60a
mechanicdb:v1:hd:fault:1009|fault|1009||||63e9f5e26701c4c37dd7388a825ac326
mechanicdb:v1:hd:fault:1051|fault|1051||||37b970949590c6df99748d0e99820bd9
mechanicdb:v1:hd:fault:1093|fault|1093||||4196adefdaf46304b9c0350b72914f6b
mechanicdb:v1:hd:fault:1135|fault|1135||||5acb5f67825f5ab4663574bb4907aeb3
mechanicdb:v1:hd:fault:1177|fault|1177||||6804e8dd732d2536841b2eff2e9f73da
mechanicdb:v1:hd:fault:1219|fault|1219||||8fba4576cd02a3c1813722f454e2aca6
mechanicdb:v1:hd:fault:1261|fault|1261||||197cf3001aaa18eead3a16f0cc9346b3
mechanicdb:v1:hd:fault:1303|fault|1303||||300ce327946d9a21f053a64cd34686d0
mechanicdb:v1:hd:fault:1345|fault|1345||||a4be398e5db9ee697ab090b388c6de87
mechanicdb:v1:hd:fault:1387|fault|1387||||1783569aa3d34087633396e96b7de780
mechanicdb:v1:hd:fault:1429|fault|1429||||7de719e8b0a07d8b011ac8795d691eed
mechanicdb:v1:hd:fault:1471|fault|1471||||4fb80142461cf11bd897aa27994e0f0d
mechanicdb:v1:hd:fault:1513|fault|1513||||3789a14cc678132d73706c20acea7d95
mechanicdb:v1:hd:fault:1555|fault|1555||||eac5100b2bb6310bfb3f791e2e238cba
mechanicdb:v1:hd:fault:1597|fault|1597||||4a46a1ccf5aa8faeb6ba7ff5b4e3081f
mechanicdb:v1:hd:fault:1639|fault|1639||||65d5343d0440e67e94caa8efd5618c87
mechanicdb:v1:hd:fault:1681|fault|1681||||9c21eac317bec699cef7dc03a58b3ab1
mechanicdb:v1:hd:fault:1723|fault|1723||||738003d37a5067ca5d4a9ea514112c30
mechanicdb:v1:hd:fault:1765|fault|1765||||d3c26330444af9623f7df6e5a31e4a0f
mechanicdb:v1:hd:fault:1807|fault|1807||||d91efeaa5c011d0dae732d83551a7077
mechanicdb:v1:hd:fault:1849|fault|1849||||ba69c006f8fed8cfc3c34a858d436b6b
mechanicdb:v1:hd:fault:1891|fault|1891||||09b604b7e0777a3a4b1e7da8a7e20c84
mechanicdb:v1:hd:fault:1933|fault|1933||||8ac6d15864d57a84682164e9b7c5f231
mechanicdb:v1:hd:fault:1975|fault|1975||||600222e698c86e1ed6bcc9e272147c94
mechanicdb:v1:hd:fault:2017|fault|2017||||27d6e5bfdd48dfe1e7cb94dc1b66d2cf
mechanicdb:v1:hd:fault:2059|fault|2059||||8833951c8b8a7fab56c6175355362e8f
mechanicdb:v1:hd:fault:2101|fault|2101||||c36abe9dc91525aa40596e72880fcbb0
mechanicdb:v1:hd:fault:2143|fault|2143||||f8c7b0609d29055807e0bc03590f7337
mechanicdb:v1:hd:fault:2185|fault|2185||||48287765f29911e6446aafd03e78809d
mechanicdb:v1:hd:fault:2227|fault|2227||||91ebf422ae16818a5d3c411f22faffbd
mechanicdb:v1:hd:fault:2269|fault|2269||||6e4fae62303a488a0df3b5834df96a7a
mechanicdb:v1:hd:fault:2311|fault|2311||||bbba256675af3fe4e2c4d5c3e8961492
mechanicdb:v1:hd:fault:2353|fault|2353||||4c2efcdfadb324d9a2a389c5d2826818
mechanicdb:v1:hd:fault:2395|fault|2395||||03f2ceb1a4579c44e9fc9ee2161d663f
mechanicdb:v1:hd:fault:2437|fault|2437||||7e9db6bead3bca4110d81b26cfd7c664
mechanicdb:v1:hd:fault:2479|fault|2479||||9afbf4f353095176cb139927a8687450
mechanicdb:v1:hd:fault:2521|fault|2521||||503c03cbc5689d0673122505142e29ca
mechanicdb:v1:hd:fault:2563|fault|2563||||86c992f00ceb86c14c2cf690aa5a43dd
mechanicdb:v1:hd:fault:2605|fault|2605||||b66aac08a657d538a87511d697f2077e
mechanicdb:v1:hd:fault:2647|fault|2647||||f067fae4b403178ce553043c909e6371
mechanicdb:v1:hd:fault:2689|fault|2689||||61c007137da0de8c883595c5453a36e4
mechanicdb:v1:hd:fault:2731|fault|2731||||39cbd72f1e0728ac20b475fbf24c18e7
mechanicdb:v1:hd:fault:2773|fault|2773||||e1ef96b6879d46b24fac2270811a3f6b
mechanicdb:v1:hd:fault:2815|fault|2815||||a83792c5e3bed2be807221803649b3b5
mechanicdb:v1:hd:fault:2857|fault|2857||||3773deac7273526c7d426b2106a42878
mechanicdb:v1:hd:fault:2899|fault|2899||||bce8fe1e3d237697dce282c625828123
mechanicdb:v1:hd:fault:2941|fault|2941||||40e37c220f5595bf0c3067f829510eba
mechanicdb:v1:hd:fault:2983|fault|2983||||2f89b461c6828d6db1ba553f60e6ca51
mechanicdb:v1:hd:fault:3025|fault|3025||||7d19881e1ffbe68a7e44fe4c0066a10c
mechanicdb:v1:hd:fault:3067|fault|3067||||be3bdcd8c9af0e6aee95a9af5ba61e56
mechanicdb:v1:hd:fault:3109|fault|3109||||6faeb6dd432fbf571f559c8672ce91d3
mechanicdb:v1:hd:fault:3151|fault|3151||||43777c333f095279a2be5a4301c907f5
mechanicdb:v1:hd:fault:3193|fault|3193||||357b94d79bba9118f2ecd83a80ae1961
mechanicdb:v1:hd:fault:3235|fault|3235||||bf5ff0599679452210a23dc389d0692c
mechanicdb:v1:hd:fault:3277|fault|3277||||9a2731c4de68a4f593219f091781445d
mechanicdb:v1:hd:fault:3319|fault|3319||||46ce7d596bc3540faf70bf2663cce0ba
mechanicdb:v1:hd:fault:3361|fault|3361||||bb73160e65b1263f689b781d581bdeb0
mechanicdb:v1:hd:fault:3403|fault|3403||||9ecf5ca951790f5143830a074ac52e43
mechanicdb:v1:hd:fault:3445|fault|3445||||925ad7d149f67d955aff793f0fa6dc56
mechanicdb:v1:hd:fault:3487|fault|3487||||72b221bc39c5043c39b4684adb4d855f
mechanicdb:v1:hd:fault:3529|fault|3529||||635f5246fd2691786781eb1462e55bc0
mechanicdb:v1:hd:fault:3571|fault|3571||||81b4973e6c2ffe7704dc9b11d8e5f456
mechanicdb:v1:hd:fault:3613|fault|3613||||6d83db76b9407f976289022c7cb14f3c
mechanicdb:v1:hd:fault:3655|fault|3655||||1137526c92f0861e352eb4c692afca32
mechanicdb:v1:hd:fault:3697|fault|3697||||1177dbaae52237702e55f4b6723a528e
mechanicdb:v1:hd:fault:3739|fault|3739||||1ed40d28baf2486ffa45d6257faaf466
mechanicdb:v1:hd:fault:3781|fault|3781||||283bf212b733c0e421ee2d3066bcd06e
mechanicdb:v1:hd:fault:3823|fault|3823||||326dfa01f9bd1307b01e5fe6cd3bf3a4
mechanicdb:v1:hd:fault:3865|fault|3865||||1eeb1d9d1ea2ab6eb4fb22de1b438072
mechanicdb:v1:hd:fault:3907|fault|3907||||c57117f1cbbd180506a71e6065318297
mechanicdb:v1:hd:fault:3949|fault|3949||||d2b9e8d8ca22729a54376a86f558650c
mechanicdb:v1:hd:fault:3991|fault|3991||||fc7ce387f3a983584630c01cfb76225d
mechanicdb:v1:hd:fault:4033|fault|4033||||a05b0eb2cbb37cf2828bba7fa7965b69
mechanicdb:v1:hd:fault:4075|fault|4075||||1fd5bc908516d73a17c11b95a8b2b5a9
mechanicdb:v1:hd:fault:4117|fault|4117||||6cebdbb31fffddad4b7ed2a0ce4879f0
mechanicdb:v1:hd:fault:4159|fault|4159||||20b565e844185b75ff6bc9f286d318c1
mechanicdb:v1:hd:fix:1|fix|1|mechanicdb:v1:hd:fault:1|hd-procedure-0602||352d7b3322716852737656fa4dacfe56
mechanicdb:v1:hd:fix:2|fix|2|mechanicdb:v1:hd:fault:1|hd-procedure-0601||6a5104cd5e4ec3c8ae064484cdc90a1e
mechanicdb:v1:hd:fix:3|fix|3|mechanicdb:v1:hd:fault:1|hd-procedure-0599||ac9238ce5e7022be40ea7e37db319fe1
mechanicdb:v1:hd:fix:4|fix|4|mechanicdb:v1:hd:fault:1|hd-procedure-0600||b0b8bcf1ae4a6f4986fc5101c7c7042c
mechanicdb:v1:hd:fix:169|fix|169|mechanicdb:v1:hd:fault:43|hd-procedure-0610||6be6363df6b342baa61726f39f8bb94f
mechanicdb:v1:hd:fix:170|fix|170|mechanicdb:v1:hd:fault:43|hd-procedure-0612||c908c3be5a6740c0a30f4ec37381a3d0
mechanicdb:v1:hd:fix:171|fix|171|mechanicdb:v1:hd:fault:43|hd-procedure-0613||055284bbc42ee882151d8c4068979460
mechanicdb:v1:hd:fix:172|fix|172|mechanicdb:v1:hd:fault:43|hd-procedure-0611||2f98cc620bc652da46fe208a0906c878
mechanicdb:v1:hd:fix:349|fix|349|mechanicdb:v1:hd:fault:85|hd-procedure-0587||967a9a3c495ce0e45cd7897d64a64a6e
mechanicdb:v1:hd:fix:350|fix|350|mechanicdb:v1:hd:fault:85|hd-procedure-0589||550d960338cf44307d97ee93a03428a5
mechanicdb:v1:hd:fix:351|fix|351|mechanicdb:v1:hd:fault:85|hd-procedure-0588||bf742d36ef51d5926611f53dbb8b6475
mechanicdb:v1:hd:fix:352|fix|352|mechanicdb:v1:hd:fault:85|hd-procedure-0591||df25d95fb243a11b82997d0d77cb47c8
mechanicdb:v1:hd:fix:353|fix|353|mechanicdb:v1:hd:fault:85|hd-procedure-0590||f4cc09c5473650275012a4d57a827e6e
mechanicdb:v1:hd:fix:547|fix|547|mechanicdb:v1:hd:fault:127|hd-procedure-0589||88bd93ac51028d770d0b90884bc53a50
mechanicdb:v1:hd:fix:548|fix|548|mechanicdb:v1:hd:fault:127|hd-procedure-0588||6edf1884d2f63e7b3a10b9dc5e962d94
mechanicdb:v1:hd:fix:549|fix|549|mechanicdb:v1:hd:fault:127|hd-procedure-0591||1761501ca00573150502c7f05652fce4
mechanicdb:v1:hd:fix:550|fix|550|mechanicdb:v1:hd:fault:127|hd-procedure-0587||0aa761ad6b2ff3684694a26f546dba0c
mechanicdb:v1:hd:fix:551|fix|551|mechanicdb:v1:hd:fault:127|hd-procedure-0590||d04f811ec2e686cdcb63a18d1deb607a
mechanicdb:v1:hd:fix:726|fix|726|mechanicdb:v1:hd:fault:169|hd-procedure-0592||113e2cdc057a39aebf463ae3c8295232
mechanicdb:v1:hd:fix:727|fix|727|mechanicdb:v1:hd:fault:169|hd-procedure-0593||3892a0652890f385096c7430f0645d5e
mechanicdb:v1:hd:fix:728|fix|728|mechanicdb:v1:hd:fault:169|hd-procedure-0594||02dca9916dfba43f92f35f285ee9f69c
mechanicdb:v1:hd:fix:729|fix|729|mechanicdb:v1:hd:fault:169|hd-procedure-0595||3c4010f92973cccf1d8440aa8017f7c6
mechanicdb:v1:hd:fix:880|fix|880|mechanicdb:v1:hd:fault:211|hd-procedure-0592||4e2412757c95a059ff1f84ca79422032
mechanicdb:v1:hd:fix:881|fix|881|mechanicdb:v1:hd:fault:211|hd-procedure-0593||6dd8fe8d6256f31eeb852e8dd47a2e35
mechanicdb:v1:hd:fix:882|fix|882|mechanicdb:v1:hd:fault:211|hd-procedure-0594||8fe28b084b8357d60153152ab6a53edd
mechanicdb:v1:hd:fix:883|fix|883|mechanicdb:v1:hd:fault:211|hd-procedure-0595||70db3a4562b073cf026f556f85825d83
mechanicdb:v1:hd:fix:1046|fix|1046|mechanicdb:v1:hd:fault:253|hd-procedure-0648||329b7d91501d6d0ba4ca792f38b9293d
mechanicdb:v1:hd:fix:1047|fix|1047|mechanicdb:v1:hd:fault:253|hd-procedure-0647||210e3b4957e1ffadaed94ef1ca7f9ca7
mechanicdb:v1:hd:fix:1048|fix|1048|mechanicdb:v1:hd:fault:253|hd-procedure-0645||85a40af843b85d651d38b5eb680d7c10
mechanicdb:v1:hd:fix:1049|fix|1049|mechanicdb:v1:hd:fault:253|hd-procedure-0646||d6aee0e4e416b9c52a8743a668bc06e1
mechanicdb:v1:hd:fix:1206|fix|1206|mechanicdb:v1:hd:fault:295|hd-procedure-0020||7f93990cf778c44d8fc741075cd51a5b
mechanicdb:v1:hd:fix:1207|fix|1207|mechanicdb:v1:hd:fault:295|hd-procedure-0018||61c784aff12baa2de0edf7a68665fb61
mechanicdb:v1:hd:fix:1208|fix|1208|mechanicdb:v1:hd:fault:295|hd-procedure-0017||147418018d8ac4f4a5c0ffd000097219
mechanicdb:v1:hd:fix:1209|fix|1209|mechanicdb:v1:hd:fault:295|hd-procedure-0019||2387e8fd6faf6cb02df821ba7f1da687
mechanicdb:v1:hd:fix:1369|fix|1369|mechanicdb:v1:hd:fault:337|hd-procedure-0182||4f07b626e21dc3f1b451b78116c80501
mechanicdb:v1:hd:fix:1370|fix|1370|mechanicdb:v1:hd:fault:337|hd-procedure-0183||600f73c1175c23ed1f3c055e368cb9a3
mechanicdb:v1:hd:fix:1371|fix|1371|mechanicdb:v1:hd:fault:337|hd-procedure-0184||1aff079918c0c820a26174c62fde7395
mechanicdb:v1:hd:fix:1372|fix|1372|mechanicdb:v1:hd:fault:337|hd-procedure-0185||68567aa7d550c1ae5328d7d25633574e
mechanicdb:v1:hd:fix:1536|fix|1536|mechanicdb:v1:hd:fault:379|hd-procedure-0226||0f3ccc509471ad0ca007a55540fea088
mechanicdb:v1:hd:fix:1537|fix|1537|mechanicdb:v1:hd:fault:379|hd-procedure-0228||1dd2902f045f008a938e09c041b77d64
mechanicdb:v1:hd:fix:1538|fix|1538|mechanicdb:v1:hd:fault:379|hd-procedure-0227||bf0bcad5ad2b3a42cee6e5790135060a
mechanicdb:v1:hd:fix:1539|fix|1539|mechanicdb:v1:hd:fault:379|hd-procedure-0229||7847f01cad89c1da70f0a177f7bd347e
mechanicdb:v1:hd:fix:1702|fix|1702|mechanicdb:v1:hd:fault:421|hd-procedure-0197||96a14b5d9aaffca6e5da0dba1349c13a
mechanicdb:v1:hd:fix:1703|fix|1703|mechanicdb:v1:hd:fault:421|hd-procedure-0199||c9792b2427ae9a80459700518b102f7e
mechanicdb:v1:hd:fix:1704|fix|1704|mechanicdb:v1:hd:fault:421|hd-procedure-0198||ee1d07dd5fabd59c583ded8031a2e551
mechanicdb:v1:hd:fix:1705|fix|1705|mechanicdb:v1:hd:fault:421|hd-procedure-0196||2dad9938a95205907b34154833d4482b
mechanicdb:v1:hd:fix:1866|fix|1866|mechanicdb:v1:hd:fault:463|hd-procedure-0002||c51451ca865808aad8d541ec164eb053
mechanicdb:v1:hd:fix:1867|fix|1867|mechanicdb:v1:hd:fault:463|hd-procedure-0001||e6772cf41ba3b434ecaa8bdf4cd91061
mechanicdb:v1:hd:fix:1868|fix|1868|mechanicdb:v1:hd:fault:463|hd-procedure-0003||ad2103fb67eaa8f8ca63cecbf8dfb472
mechanicdb:v1:hd:fix:1869|fix|1869|mechanicdb:v1:hd:fault:463|hd-procedure-0004||de6370417de65293622e98ed3a2188fd
mechanicdb:v1:hd:fix:2014|fix|2014|mechanicdb:v1:hd:fault:505|hd-procedure-0059||88a49277eb3fc23ac58d719897363087
mechanicdb:v1:hd:fix:2015|fix|2015|mechanicdb:v1:hd:fault:505|hd-procedure-0061||9a7579b01c392d03b781c6786633de35
mechanicdb:v1:hd:fix:2016|fix|2016|mechanicdb:v1:hd:fault:505|hd-procedure-0060||b3ce446ab97d140836f4afa043cfdfc8
mechanicdb:v1:hd:fix:2153|fix|2153|mechanicdb:v1:hd:fault:547|hd-procedure-0059||1a86701e047bded64d1add0aa68d1fd9
mechanicdb:v1:hd:fix:2154|fix|2154|mechanicdb:v1:hd:fault:547|hd-procedure-0061||275cf1f2abdddf6fe91fe5f73010e4b7
mechanicdb:v1:hd:fix:2155|fix|2155|mechanicdb:v1:hd:fault:547|hd-procedure-0060||ee8cfdef2ee45ccb9f9ce65f536c9087
mechanicdb:v1:hd:fix:2320|fix|2320|mechanicdb:v1:hd:fault:589|hd-procedure-0444||25cd2c68cdbbeb425718a6d27d033ea9
mechanicdb:v1:hd:fix:2321|fix|2321|mechanicdb:v1:hd:fault:589|hd-procedure-0443||94e437bb9cd243122c8814c248f50ac1
mechanicdb:v1:hd:fix:2322|fix|2322|mechanicdb:v1:hd:fault:589|hd-procedure-0445||ef39fbf3548ed6ea30b768a50ed049c6
mechanicdb:v1:hd:fix:2323|fix|2323|mechanicdb:v1:hd:fault:589|hd-procedure-0447||ee41f461d7e577fb62daf493b8b9dc6b
mechanicdb:v1:hd:fix:2324|fix|2324|mechanicdb:v1:hd:fault:589|hd-procedure-0446||2af17453ebb52c992dd9a1001390aabc
mechanicdb:v1:hd:fix:2512|fix|2512|mechanicdb:v1:hd:fault:631|hd-procedure-0437||b5719dcbc9ae5c11d2813b1f56ba37c6
mechanicdb:v1:hd:fix:2513|fix|2513|mechanicdb:v1:hd:fault:631|hd-procedure-0436||6f20939ec66a8fa190d9b9fbc02eb207
mechanicdb:v1:hd:fix:2514|fix|2514|mechanicdb:v1:hd:fault:631|hd-procedure-0434||7bac12799827a56c6d717f8a24aa0edb
mechanicdb:v1:hd:fix:2515|fix|2515|mechanicdb:v1:hd:fault:631|hd-procedure-0435||4f0d33747f1e9c55f6f347fb57c23f89
mechanicdb:v1:hd:fix:2683|fix|2683|mechanicdb:v1:hd:fault:673|hd-procedure-0494||0c45cd00c3ba8e28d95cfcbf76106b9e
mechanicdb:v1:hd:fix:2684|fix|2684|mechanicdb:v1:hd:fault:673|hd-procedure-0493||655ce57276affead1c6022061fba3fa3
mechanicdb:v1:hd:fix:2685|fix|2685|mechanicdb:v1:hd:fault:673|hd-procedure-0495||25f98e1198f7ce072db9d1638c5d97a2
mechanicdb:v1:hd:fix:2686|fix|2686|mechanicdb:v1:hd:fault:673|hd-procedure-0491||8470f7df7dac38a88fc570a6570f29e6
mechanicdb:v1:hd:fix:2687|fix|2687|mechanicdb:v1:hd:fault:673|hd-procedure-0492||9f37494a8b67dc0cf6977e6e85cb2404
mechanicdb:v1:hd:fix:2867|fix|2867|mechanicdb:v1:hd:fault:715|hd-procedure-0461||a1142ac0555c62d158fd8c371dfd6d40
mechanicdb:v1:hd:fix:2868|fix|2868|mechanicdb:v1:hd:fault:715|hd-procedure-0462||362465d8065efd9ebbd9d3b6b060dd99
mechanicdb:v1:hd:fix:2869|fix|2869|mechanicdb:v1:hd:fault:715|hd-procedure-0459||4b4eb0f1499766dbf361d67fa01c5b95
mechanicdb:v1:hd:fix:2870|fix|2870|mechanicdb:v1:hd:fault:715|hd-procedure-0460||6b2e354742e79793bc1bbd3acfd4882a
mechanicdb:v1:hd:fix:3035|fix|3035|mechanicdb:v1:hd:fault:757|hd-procedure-0570||463476c72ccf0b05571b2ce43c2f9e81
mechanicdb:v1:hd:fix:3036|fix|3036|mechanicdb:v1:hd:fault:757|hd-procedure-0569||00b7a70b7c1238670a92eb5b082a26d5
mechanicdb:v1:hd:fix:3037|fix|3037|mechanicdb:v1:hd:fault:757|hd-procedure-0571||1c0f583d66b54c161085f755efb9c29b
mechanicdb:v1:hd:fix:3038|fix|3038|mechanicdb:v1:hd:fault:757|hd-procedure-0572||3db0f050e99469d0a3bd2afd57cc1057
mechanicdb:v1:hd:fix:3203|fix|3203|mechanicdb:v1:hd:fault:799|hd-procedure-0498||0b0c5cedc299fa60004bf261e367e809
mechanicdb:v1:hd:fix:3204|fix|3204|mechanicdb:v1:hd:fault:799|hd-procedure-0499||fccfa068a24659786288d5b332d0efd7
mechanicdb:v1:hd:fix:3205|fix|3205|mechanicdb:v1:hd:fault:799|hd-procedure-0496||bd12f32ed2b870276d07b347ef8b1302
mechanicdb:v1:hd:fix:3206|fix|3206|mechanicdb:v1:hd:fault:799|hd-procedure-0497||cde89f2548e02a44719567bf070b9c2a
mechanicdb:v1:hd:fix:3366|fix|3366|mechanicdb:v1:hd:fault:841|hd-procedure-0454||99aa1b434dd15c5f90c92fe6ba2c5643
mechanicdb:v1:hd:fix:3367|fix|3367|mechanicdb:v1:hd:fault:841|hd-procedure-0453||ffd9cb48ba8252f72fb08ba2c7fc1ae4
mechanicdb:v1:hd:fix:3368|fix|3368|mechanicdb:v1:hd:fault:841|hd-procedure-0455||5f057f50c1c3f5c09b3ac107287fd173
mechanicdb:v1:hd:fix:3369|fix|3369|mechanicdb:v1:hd:fault:841|hd-procedure-0452||0a841fa096ce3aa1891918c9ceb4385c
mechanicdb:v1:hd:fix:3554|fix|3554|mechanicdb:v1:hd:fault:883|hd-procedure-0475||ca370c0144fb6eb9b0e2ae3b9ef7584e
mechanicdb:v1:hd:fix:3555|fix|3555|mechanicdb:v1:hd:fault:883|hd-procedure-0474||d41f32edaf796b3780216595ef1b579d
mechanicdb:v1:hd:fix:3556|fix|3556|mechanicdb:v1:hd:fault:883|hd-procedure-0471||31851d040cda85d4acd68bd9e11603d2
mechanicdb:v1:hd:fix:3557|fix|3557|mechanicdb:v1:hd:fault:883|hd-procedure-0472||babd4e0f9ddf1487d901673f9e09f7b6
mechanicdb:v1:hd:fix:3558|fix|3558|mechanicdb:v1:hd:fault:883|hd-procedure-0473||ea8d6e07f6f571c31d938b1292791fc0
mechanicdb:v1:hd:fix:3559|fix|3559|mechanicdb:v1:hd:fault:883|hd-procedure-0476||dd1509d6be296724272855a3d0d19a4f
mechanicdb:v1:hd:fix:3734|fix|3734|mechanicdb:v1:hd:fault:925|hd-procedure-0555||2daceeca43f9577c99d2ea73c5f4f733
mechanicdb:v1:hd:fix:3735|fix|3735|mechanicdb:v1:hd:fault:925|hd-procedure-0557||66e3b2e1c0f8733c7aa6b80ae8e9ccac
mechanicdb:v1:hd:fix:3736|fix|3736|mechanicdb:v1:hd:fault:925|hd-procedure-0558||8c5f35758762e259d1e905b0c10028cd
mechanicdb:v1:hd:fix:3737|fix|3737|mechanicdb:v1:hd:fault:925|hd-procedure-0556||766e52613442b3eab9a2909f087f3447
mechanicdb:v1:hd:fix:3738|fix|3738|mechanicdb:v1:hd:fault:925|hd-procedure-0554||e7102a5bc6f255af610dc4435c3486e5
mechanicdb:v1:hd:fix:3908|fix|3908|mechanicdb:v1:hd:fault:967|hd-procedure-0554||d58732d335518679666c47a94bf659ad
mechanicdb:v1:hd:fix:3909|fix|3909|mechanicdb:v1:hd:fault:967|hd-procedure-0558||d02fe3df47689b49c82da18caf4e83fe
mechanicdb:v1:hd:fix:3910|fix|3910|mechanicdb:v1:hd:fault:967|hd-procedure-0556||0d43efcd95105a8118864f36201bc1cc
mechanicdb:v1:hd:fix:3911|fix|3911|mechanicdb:v1:hd:fault:967|hd-procedure-0557||dfc6a611c01479a6db299c2ccf2f7c24
mechanicdb:v1:hd:fix:3912|fix|3912|mechanicdb:v1:hd:fault:967|hd-procedure-0555||4096dda08cdf56a7f88c8acde7e90fd6
mechanicdb:v1:hd:fix:4082|fix|4082|mechanicdb:v1:hd:fault:1009|hd-procedure-0538||b0ef165488455a2fe8e7de6b38930032
mechanicdb:v1:hd:fix:4083|fix|4083|mechanicdb:v1:hd:fault:1009|hd-procedure-0540||fb1ecf1e5877230584097552bcfa4aa5
mechanicdb:v1:hd:fix:4084|fix|4084|mechanicdb:v1:hd:fault:1009|hd-procedure-0541||4ddb35997b71e4eea5f8ba61bcb65f1f
mechanicdb:v1:hd:fix:4085|fix|4085|mechanicdb:v1:hd:fault:1009|hd-procedure-0542||626d179a31dbab25c2865abdeebd6ae1
mechanicdb:v1:hd:fix:4086|fix|4086|mechanicdb:v1:hd:fault:1009|hd-procedure-0539||ca408a03a8f716af3faf310df8a3aee3
mechanicdb:v1:hd:fix:4250|fix|4250|mechanicdb:v1:hd:fault:1051|hd-procedure-0528||56d5676b73c317cf995433e586ce3681
mechanicdb:v1:hd:fix:4251|fix|4251|mechanicdb:v1:hd:fault:1051|hd-procedure-0527||57f28702e5127fad893b0ab63b856345
mechanicdb:v1:hd:fix:4252|fix|4252|mechanicdb:v1:hd:fault:1051|hd-procedure-0525||500f7aafc7076e476789704f883d882a
mechanicdb:v1:hd:fix:4253|fix|4253|mechanicdb:v1:hd:fault:1051|hd-procedure-0526||6e8fa01c041c85900cf18526c1edd9b7
mechanicdb:v1:hd:fix:4418|fix|4418|mechanicdb:v1:hd:fault:1093|hd-procedure-0479||bfc594a08d8c894415c60fa95cf7fc97
mechanicdb:v1:hd:fix:4419|fix|4419|mechanicdb:v1:hd:fault:1093|hd-procedure-0480||766ec942a1de8a19c9fa9b49a81b1087
mechanicdb:v1:hd:fix:4420|fix|4420|mechanicdb:v1:hd:fault:1093|hd-procedure-0477||d226a75981e4e80a3188cb6576819fcc
mechanicdb:v1:hd:fix:4421|fix|4421|mechanicdb:v1:hd:fault:1093|hd-procedure-0478||c9f8c5d2d3df2eeffb8a457fe6604dff
mechanicdb:v1:hd:fix:4590|fix|4590|mechanicdb:v1:hd:fault:1135|hd-procedure-0852||3bce3a410d870e71d20948a4103524b9
mechanicdb:v1:hd:fix:4591|fix|4591|mechanicdb:v1:hd:fault:1135|hd-procedure-0850||74d18f48a23342543bef807266459d61
mechanicdb:v1:hd:fix:4592|fix|4592|mechanicdb:v1:hd:fault:1135|hd-procedure-0851||069251e3584ee88633a6341cbc2078b4
mechanicdb:v1:hd:fix:4593|fix|4593|mechanicdb:v1:hd:fault:1135|hd-procedure-0849||c59d42844e266bfc2ce139496c3e3bcd
mechanicdb:v1:hd:fix:4756|fix|4756|mechanicdb:v1:hd:fault:1177|hd-procedure-0848||3d7d8323186b5f889ed5d2eba639909f
mechanicdb:v1:hd:fix:4757|fix|4757|mechanicdb:v1:hd:fault:1177|hd-procedure-0846||4ae30c421aabfe1869d13594996f498e
mechanicdb:v1:hd:fix:4758|fix|4758|mechanicdb:v1:hd:fault:1177|hd-procedure-0847||cac4002c21325ce75c6f4e3b4dc88855
mechanicdb:v1:hd:fix:4759|fix|4759|mechanicdb:v1:hd:fault:1177|hd-procedure-0845||bba42f61fe2399babbabceab35d1f735
mechanicdb:v1:hd:fix:4933|fix|4933|mechanicdb:v1:hd:fault:1219|hd-procedure-0512||c0b15ca184baa7120be401d632c297f4
mechanicdb:v1:hd:fix:4934|fix|4934|mechanicdb:v1:hd:fault:1219|hd-procedure-0513||9b0b0ea6d67ced74116430e30c8c2e2d
mechanicdb:v1:hd:fix:4935|fix|4935|mechanicdb:v1:hd:fault:1219|hd-procedure-0509||68807168636b73a6bcdb85417b7d21d2
mechanicdb:v1:hd:fix:4936|fix|4936|mechanicdb:v1:hd:fault:1219|hd-procedure-0511||6371560a32486f228d0c6d38b58644d4
mechanicdb:v1:hd:fix:4937|fix|4937|mechanicdb:v1:hd:fault:1219|hd-procedure-0510||1190cd25f4585ac65cbb924e6166e1b6
mechanicdb:v1:hd:fix:5136|fix|5136|mechanicdb:v1:hd:fault:1261|hd-procedure-0506||316b3363cd72f1cfaf90fa413f35e990
mechanicdb:v1:hd:fix:5137|fix|5137|mechanicdb:v1:hd:fault:1261|hd-procedure-0505||0269f5af572e6c6d901c4cfa466c14dc
mechanicdb:v1:hd:fix:5138|fix|5138|mechanicdb:v1:hd:fault:1261|hd-procedure-0507||e390d44b459b5dd974d6800fc1d128f9
mechanicdb:v1:hd:fix:5139|fix|5139|mechanicdb:v1:hd:fault:1261|hd-procedure-0508||8be083a4e7534e6e43784efef8882718
mechanicdb:v1:hd:fix:5309|fix|5309|mechanicdb:v1:hd:fault:1303|hd-procedure-0501||c6f0da973dd8f5f34f335627e411c205
mechanicdb:v1:hd:fix:5310|fix|5310|mechanicdb:v1:hd:fault:1303|hd-procedure-0500||564f17d16322e6a0e1205415cd510cc0
mechanicdb:v1:hd:fix:5311|fix|5311|mechanicdb:v1:hd:fault:1303|hd-procedure-0503||cb4cba3e0b9c447e1f1d7dc0891098f3
mechanicdb:v1:hd:fix:5312|fix|5312|mechanicdb:v1:hd:fault:1303|hd-procedure-0502||3d9eeb82b16608633a59f2791cecc608
mechanicdb:v1:hd:fix:5313|fix|5313|mechanicdb:v1:hd:fault:1303|hd-procedure-0504||5882da8e4fd18c295839306cbd2d6fb5
mechanicdb:v1:hd:fix:5513|fix|5513|mechanicdb:v1:hd:fault:1345|hd-procedure-0861||896a836ac05878bf065ef67fff6bcb46
mechanicdb:v1:hd:fix:5514|fix|5514|mechanicdb:v1:hd:fault:1345|hd-procedure-0862||108765da938bc49d4c0d7d114c926dc2
mechanicdb:v1:hd:fix:5515|fix|5515|mechanicdb:v1:hd:fault:1345|hd-procedure-0864||3f56e397bfaed8e56a60909949d328ab
mechanicdb:v1:hd:fix:5516|fix|5516|mechanicdb:v1:hd:fault:1345|hd-procedure-0863||4cf5eb71fdba835d0ce540e8e470fcbe
mechanicdb:v1:hd:fix:5697|fix|5697|mechanicdb:v1:hd:fault:1387|hd-procedure-0538||4c7912860cd4c2dd542411a4b64c0b3e
mechanicdb:v1:hd:fix:5698|fix|5698|mechanicdb:v1:hd:fault:1387|hd-procedure-0540||cce4ccaa3c0774ed2f462885b6590b26
mechanicdb:v1:hd:fix:5699|fix|5699|mechanicdb:v1:hd:fault:1387|hd-procedure-0541||4ccdac4fb4117822177ef2ce14b92666
mechanicdb:v1:hd:fix:5700|fix|5700|mechanicdb:v1:hd:fault:1387|hd-procedure-0539||747fccaa7d3269a24165fb3875c781dd
mechanicdb:v1:hd:fix:5701|fix|5701|mechanicdb:v1:hd:fault:1387|hd-procedure-0542||a79e31984f2955e397229b6ccd6e5bf8
mechanicdb:v1:hd:fix:5892|fix|5892|mechanicdb:v1:hd:fault:1429|hd-procedure-0577||6c00e12878ffe4d533b29e45bd37e7d8
mechanicdb:v1:hd:fix:5893|fix|5893|mechanicdb:v1:hd:fault:1429|hd-procedure-0576||9e97de9a67bf703f62809037f05fc48b
mechanicdb:v1:hd:fix:5894|fix|5894|mechanicdb:v1:hd:fault:1429|hd-procedure-0573||5a91b1717e028e2edb00a4579b96334d
mechanicdb:v1:hd:fix:5895|fix|5895|mechanicdb:v1:hd:fault:1429|hd-procedure-0575||c64e23e78a343744ada611ea14a41e54
mechanicdb:v1:hd:fix:5896|fix|5896|mechanicdb:v1:hd:fault:1429|hd-procedure-0574||834bd9975a2f614922ee303d410f0d7f
mechanicdb:v1:hd:fix:6063|fix|6063|mechanicdb:v1:hd:fault:1471|hd-procedure-0521||c3ca4dcb9a64696117c1c24fbea07dbd
mechanicdb:v1:hd:fix:6064|fix|6064|mechanicdb:v1:hd:fault:1471|hd-procedure-0523||156340231c590ee30a15b1343dfc3ed1
mechanicdb:v1:hd:fix:6065|fix|6065|mechanicdb:v1:hd:fault:1471|hd-procedure-0522||fdd567750e908500a2f86387ea559bbe
mechanicdb:v1:hd:fix:6066|fix|6066|mechanicdb:v1:hd:fault:1471|hd-procedure-0524||e81aad9e0ec39378ba58af4163c6c16f
mechanicdb:v1:hd:fix:6231|fix|6231|mechanicdb:v1:hd:fault:1513|hd-procedure-0523||7cfa1196dc19d04ac38a97ae388e37bb
mechanicdb:v1:hd:fix:6232|fix|6232|mechanicdb:v1:hd:fault:1513|hd-procedure-0524||4f4a4ed9fe4552049df17487dd9a3668
mechanicdb:v1:hd:fix:6233|fix|6233|mechanicdb:v1:hd:fault:1513|hd-procedure-0521||d741d9d3022f5eb6989b245e633cf82e
mechanicdb:v1:hd:fix:6234|fix|6234|mechanicdb:v1:hd:fault:1513|hd-procedure-0522||d236ff7445dd9417356a10afa2edf561
mechanicdb:v1:hd:fix:6399|fix|6399|mechanicdb:v1:hd:fault:1555|hd-procedure-0523||0dc2cf52254f18c0700816b7a715fb23
mechanicdb:v1:hd:fix:6400|fix|6400|mechanicdb:v1:hd:fault:1555|hd-procedure-0524||ddda894c75c882a6883bb05bef315ca1
mechanicdb:v1:hd:fix:6401|fix|6401|mechanicdb:v1:hd:fault:1555|hd-procedure-0521||fb1e1e978b58cfe3ae4e02df6184e8c7
mechanicdb:v1:hd:fix:6402|fix|6402|mechanicdb:v1:hd:fault:1555|hd-procedure-0522||7bc19ae87938c5460031a74400045fac
mechanicdb:v1:hd:fix:6567|fix|6567|mechanicdb:v1:hd:fault:1597|hd-procedure-0450||c580fc9d16e103a875753a0614b20b79
mechanicdb:v1:hd:fix:6568|fix|6568|mechanicdb:v1:hd:fault:1597|hd-procedure-0451||992e11a2900ff189dc3c42bb40052d4c
mechanicdb:v1:hd:fix:6569|fix|6569|mechanicdb:v1:hd:fault:1597|hd-procedure-0448||6d20d1a68484176252bad731b2ed01d6
mechanicdb:v1:hd:fix:6570|fix|6570|mechanicdb:v1:hd:fault:1597|hd-procedure-0449||49f0975079ce989150a374b15b6972c3
mechanicdb:v1:hd:fix:6735|fix|6735|mechanicdb:v1:hd:fault:1639|hd-procedure-0451||bc9d3bf0830f701653eac9c8edec429f
mechanicdb:v1:hd:fix:6736|fix|6736|mechanicdb:v1:hd:fault:1639|hd-procedure-0450||9625e166d999a047f988f0ba94768a98
mechanicdb:v1:hd:fix:6737|fix|6737|mechanicdb:v1:hd:fault:1639|hd-procedure-0448||0cb5ab36a9085b4709a487ac3d82f0e5
mechanicdb:v1:hd:fix:6738|fix|6738|mechanicdb:v1:hd:fault:1639|hd-procedure-0449||2a3efa2ee2c0cbf125f3909f87235159
mechanicdb:v1:hd:fix:6903|fix|6903|mechanicdb:v1:hd:fault:1681|hd-procedure-0528||11d34664e0f12d482366b467864f1818
mechanicdb:v1:hd:fix:6904|fix|6904|mechanicdb:v1:hd:fault:1681|hd-procedure-0527||e26e123b301eba347b64ac527bc056eb
mechanicdb:v1:hd:fix:6905|fix|6905|mechanicdb:v1:hd:fault:1681|hd-procedure-0525||83a205867feb8022e5db667fc19189f4
mechanicdb:v1:hd:fix:6906|fix|6906|mechanicdb:v1:hd:fault:1681|hd-procedure-0526||271ae8a62c8791c92ad4d4452f1344d6
mechanicdb:v1:hd:fix:7071|fix|7071|mechanicdb:v1:hd:fault:1723|hd-procedure-0528||5ca60f39ccf4beeac32dd678fa328ed4
mechanicdb:v1:hd:fix:7072|fix|7072|mechanicdb:v1:hd:fault:1723|hd-procedure-0527||3fb0317b8999dc87495ccb428451a9c2
mechanicdb:v1:hd:fix:7073|fix|7073|mechanicdb:v1:hd:fault:1723|hd-procedure-0525||46b0e49f2cff02723f93bed9991db284
mechanicdb:v1:hd:fix:7074|fix|7074|mechanicdb:v1:hd:fault:1723|hd-procedure-0526||ec19dc7c977c3fc5caa97e7360ed0e96
mechanicdb:v1:hd:fix:7239|fix|7239|mechanicdb:v1:hd:fault:1765|hd-procedure-0528||d38f7cf592ca13a964cb4413284473ec
mechanicdb:v1:hd:fix:7240|fix|7240|mechanicdb:v1:hd:fault:1765|hd-procedure-0527||ac9e865d7bf4f4cea6a4e6f55277d35c
mechanicdb:v1:hd:fix:7241|fix|7241|mechanicdb:v1:hd:fault:1765|hd-procedure-0525||2be0bb2bd9c03c099d186865fe6ce3aa
mechanicdb:v1:hd:fix:7242|fix|7242|mechanicdb:v1:hd:fault:1765|hd-procedure-0526||e9468e442620cfd98d275faf241562ac
mechanicdb:v1:hd:fix:7407|fix|7407|mechanicdb:v1:hd:fault:1807|hd-procedure-0528||925b36b3684e8f3510d64bdb11412350
mechanicdb:v1:hd:fix:7408|fix|7408|mechanicdb:v1:hd:fault:1807|hd-procedure-0527||01ece119ebf0fa0ea9b964b873b9857d
mechanicdb:v1:hd:fix:7409|fix|7409|mechanicdb:v1:hd:fault:1807|hd-procedure-0525||e1f466305a3fd095710577f38cb5e9fc
mechanicdb:v1:hd:fix:7410|fix|7410|mechanicdb:v1:hd:fault:1807|hd-procedure-0526||6a93fc0fae117e4dfd1a6984ec66d52e
mechanicdb:v1:hd:fix:7569|fix|7569|mechanicdb:v1:hd:fault:1849|hd-procedure-0521||138e5252453997aedf44a03f38320369
mechanicdb:v1:hd:fix:7570|fix|7570|mechanicdb:v1:hd:fault:1849|hd-procedure-0522||ec0061f299b11bdacf60b5bec8cebdbc
mechanicdb:v1:hd:fix:7571|fix|7571|mechanicdb:v1:hd:fault:1849|hd-procedure-0523||b9445994639be7f6051c82a2cf7a9514
mechanicdb:v1:hd:fix:7572|fix|7572|mechanicdb:v1:hd:fault:1849|hd-procedure-0524||5bc355fd8ee6f0b21a49ade822457b8f
mechanicdb:v1:hd:fix:7737|fix|7737|mechanicdb:v1:hd:fault:1891|hd-procedure-0521||28c440027074340b5dbe8c2d333df4ff
mechanicdb:v1:hd:fix:7738|fix|7738|mechanicdb:v1:hd:fault:1891|hd-procedure-0522||88b8896fe0ac39d2238555ecd45f30c1
mechanicdb:v1:hd:fix:7739|fix|7739|mechanicdb:v1:hd:fault:1891|hd-procedure-0523||ecb961f14b23c0b55c03f37acbcaf24b
mechanicdb:v1:hd:fix:7740|fix|7740|mechanicdb:v1:hd:fault:1891|hd-procedure-0524||2e64a3863cc1725968d6bd7938f53408
mechanicdb:v1:hd:fix:7886|fix|7886|mechanicdb:v1:hd:fault:1933|hd-procedure-0514||028f1a304ad46976245ed10e91eb3846
mechanicdb:v1:hd:fix:7887|fix|7887|mechanicdb:v1:hd:fault:1933|hd-procedure-0515||7ce7d5f314e7b4121cb9af4e12d087fc
mechanicdb:v1:hd:fix:7888|fix|7888|mechanicdb:v1:hd:fault:1933|hd-procedure-0516||af27b6f33efc19aec0f14923bc0ed922
mechanicdb:v1:hd:fix:8038|fix|8038|mechanicdb:v1:hd:fault:1975|hd-procedure-0518||ff10dcbe6ae62243509ea9367f84ffb6
mechanicdb:v1:hd:fix:8039|fix|8039|mechanicdb:v1:hd:fault:1975|hd-procedure-0517||91056b0338b140a10e0970b03eb8913e
mechanicdb:v1:hd:fix:8040|fix|8040|mechanicdb:v1:hd:fault:1975|hd-procedure-0519||1f2c0ba23574c01cb6e6d6402c88bc59
mechanicdb:v1:hd:fix:8041|fix|8041|mechanicdb:v1:hd:fault:1975|hd-procedure-0520||9a5841ea1068a156cb8180e8b39d6fb6
mechanicdb:v1:hd:fix:8206|fix|8206|mechanicdb:v1:hd:fault:2017|hd-procedure-0518||1a3b07f93c47ccc08ba8a53da91a77ba
mechanicdb:v1:hd:fix:8207|fix|8207|mechanicdb:v1:hd:fault:2017|hd-procedure-0517||1f0d57c6b2f3925590f55c3f856fa665
mechanicdb:v1:hd:fix:8208|fix|8208|mechanicdb:v1:hd:fault:2017|hd-procedure-0519||cab3c5d1c6a225c252ddce1f2143eb3d
mechanicdb:v1:hd:fix:8209|fix|8209|mechanicdb:v1:hd:fault:2017|hd-procedure-0520||dd3ca529696d6a380955552d628e5b7d
mechanicdb:v1:hd:fix:8380|fix|8380|mechanicdb:v1:hd:fault:2059|hd-procedure-0445||fbd181a2d8fa3eaacb478d50b68b57a4
mechanicdb:v1:hd:fix:8381|fix|8381|mechanicdb:v1:hd:fault:2059|hd-procedure-0443||587d7d0be1965e1b4f2003b7c2ccea2a
mechanicdb:v1:hd:fix:8382|fix|8382|mechanicdb:v1:hd:fault:2059|hd-procedure-0444||b229b50f8a2783b3898cd31b5e9868a8
mechanicdb:v1:hd:fix:8383|fix|8383|mechanicdb:v1:hd:fault:2059|hd-procedure-0447||c8702ca2e49e01ae7c9aa9ab2ea347e8
mechanicdb:v1:hd:fix:8384|fix|8384|mechanicdb:v1:hd:fault:2059|hd-procedure-0446||25cbf9290cd392a417d38046bf49c6be
mechanicdb:v1:hd:fix:8584|fix|8584|mechanicdb:v1:hd:fault:2101|hd-procedure-0463||4ee6f61aed6c90775fdf907c6115f65c
mechanicdb:v1:hd:fix:8585|fix|8585|mechanicdb:v1:hd:fault:2101|hd-procedure-0466||9506fc46bd6c8b9b52d4ef24c7a8eb47
mechanicdb:v1:hd:fix:8586|fix|8586|mechanicdb:v1:hd:fault:2101|hd-procedure-0465||4190de5c8461c9504228d82b77fb5f0d
mechanicdb:v1:hd:fix:8587|fix|8587|mechanicdb:v1:hd:fault:2101|hd-procedure-0467||ba9567e3beb8d511c4407e8451c22592
mechanicdb:v1:hd:fix:8588|fix|8588|mechanicdb:v1:hd:fault:2101|hd-procedure-0464||345a96f9165dc74b4dea85e3f9c07878
mechanicdb:v1:hd:fix:8768|fix|8768|mechanicdb:v1:hd:fault:2143|hd-procedure-0833||d251a6a22d8f821cc7fd258ed18e8dab
mechanicdb:v1:hd:fix:8769|fix|8769|mechanicdb:v1:hd:fault:2143|hd-procedure-0834||03f127e6d98bb53801357a1d668f0c8b
mechanicdb:v1:hd:fix:8770|fix|8770|mechanicdb:v1:hd:fault:2143|hd-procedure-0835||e4125275b976d8ef4329c62b08bee524
mechanicdb:v1:hd:fix:8771|fix|8771|mechanicdb:v1:hd:fault:2143|hd-procedure-0836||b342b383975f5513a1e76e9c258e9a33
mechanicdb:v1:hd:fix:8965|fix|8965|mechanicdb:v1:hd:fault:2185|hd-procedure-0861||4b9f72c8c31fcbc51f83ca47c35a8892
mechanicdb:v1:hd:fix:8966|fix|8966|mechanicdb:v1:hd:fault:2185|hd-procedure-0862||c18925ea4fc40078a2cf6858525613f1
mechanicdb:v1:hd:fix:8967|fix|8967|mechanicdb:v1:hd:fault:2185|hd-procedure-0864||250a529d5ea9423cb63791efb0cdac5c
mechanicdb:v1:hd:fix:8968|fix|8968|mechanicdb:v1:hd:fault:2185|hd-procedure-0863||7ac718aad206f0afcfdc90028fbe2375
mechanicdb:v1:hd:fix:9133|fix|9133|mechanicdb:v1:hd:fault:2227|hd-procedure-0016||0474a2e31d41ac197327c5b48cc6bbb8
mechanicdb:v1:hd:fix:9134|fix|9134|mechanicdb:v1:hd:fault:2227|hd-procedure-0014||64e4725234e172e1c18d1a820d5dfc4d
mechanicdb:v1:hd:fix:9135|fix|9135|mechanicdb:v1:hd:fault:2227|hd-procedure-0013||2d998e40838a08ed2a739a9d1c944987
mechanicdb:v1:hd:fix:9136|fix|9136|mechanicdb:v1:hd:fault:2227|hd-procedure-0015||c141f4e2ff1536ee0e74f6bf21b82234
mechanicdb:v1:hd:fix:9300|fix|9300|mechanicdb:v1:hd:fault:2269|hd-procedure-0127||912adf55867f4cacab3e37d82ebbaeca
mechanicdb:v1:hd:fix:9301|fix|9301|mechanicdb:v1:hd:fault:2269|hd-procedure-0126||2bbe210c88330561cbc6b25c3750096c
mechanicdb:v1:hd:fix:9302|fix|9302|mechanicdb:v1:hd:fault:2269|hd-procedure-0128||c7a5534932dfe41ddbf9ab408f750019
mechanicdb:v1:hd:fix:9466|fix|9466|mechanicdb:v1:hd:fault:2311|hd-procedure-0144||913ef780de53fd7e0e59bc582a6176b8
mechanicdb:v1:hd:fix:9467|fix|9467|mechanicdb:v1:hd:fault:2311|hd-procedure-0143||716fabcc4345eb692cffce6e10b1719e
mechanicdb:v1:hd:fix:9468|fix|9468|mechanicdb:v1:hd:fault:2311|hd-procedure-0141||a3084964a2d2b7827ffc7b01478fd611
mechanicdb:v1:hd:fix:9469|fix|9469|mechanicdb:v1:hd:fault:2311|hd-procedure-0142||b0dfd85fb96345b7c483b6554503ecc5
mechanicdb:v1:hd:fix:9627|fix|9627|mechanicdb:v1:hd:fault:2353|hd-procedure-0137||1274f7363dcc8c937f639450b8d6cfa4
mechanicdb:v1:hd:fix:9628|fix|9628|mechanicdb:v1:hd:fault:2353|hd-procedure-0139||15671566bd7841b95ed26f5312de8f29
mechanicdb:v1:hd:fix:9629|fix|9629|mechanicdb:v1:hd:fault:2353|hd-procedure-0138||f00557efc101a42843c2632e2a8d339f
mechanicdb:v1:hd:fix:9630|fix|9630|mechanicdb:v1:hd:fault:2353|hd-procedure-0140||12764818b17732870cbe6f0915c932a4
mechanicdb:v1:hd:fix:9795|fix|9795|mechanicdb:v1:hd:fault:2395|hd-procedure-0001||4461dd1c6eb32740eee3a17a5934de8c
mechanicdb:v1:hd:fix:9796|fix|9796|mechanicdb:v1:hd:fault:2395|hd-procedure-0002||1002241f2c7fdde90856496a1602c737
mechanicdb:v1:hd:fix:9797|fix|9797|mechanicdb:v1:hd:fault:2395|hd-procedure-0003||235c86736919297dee0826dcbeb25670
mechanicdb:v1:hd:fix:9798|fix|9798|mechanicdb:v1:hd:fault:2395|hd-procedure-0004||ebc5a86c1dc6c7d6d5bbb944ecd3bbcd
mechanicdb:v1:hd:fix:9960|fix|9960|mechanicdb:v1:hd:fault:2437|hd-procedure-0030||9b54f527b67475d35f41621216ec9ab3
mechanicdb:v1:hd:fix:9961|fix|9961|mechanicdb:v1:hd:fault:2437|hd-procedure-0029||1c6a3e0e1dff19e6753122ec16230489
mechanicdb:v1:hd:fix:9962|fix|9962|mechanicdb:v1:hd:fault:2437|hd-procedure-0031||75c2a3b4fb634ac03361abecf74960d4
mechanicdb:v1:hd:fix:9963|fix|9963|mechanicdb:v1:hd:fault:2437|hd-procedure-0032||78b0dddf1aef74f33d7e80b63eab0e0a
mechanicdb:v1:hd:fix:10120|fix|10120|mechanicdb:v1:hd:fault:2479|hd-procedure-0355||705b4de845eb7a3f8af7d7f14d8c5b20
mechanicdb:v1:hd:fix:10121|fix|10121|mechanicdb:v1:hd:fault:2479|hd-procedure-0354||d60c376f65991bc30f5c09ae3b13caab
mechanicdb:v1:hd:fix:10122|fix|10122|mechanicdb:v1:hd:fault:2479|hd-procedure-0356||3aec0faf09f80791880b9caccec57dc8
mechanicdb:v1:hd:fix:10123|fix|10123|mechanicdb:v1:hd:fault:2479|hd-procedure-0357||08244e6807f333dc00040bf2277c7632
mechanicdb:v1:hd:fix:10268|fix|10268|mechanicdb:v1:hd:fault:2521|hd-procedure-0349||140220de55f1d537d1721a7f3169f195
mechanicdb:v1:hd:fix:10269|fix|10269|mechanicdb:v1:hd:fault:2521|hd-procedure-0346||4bdda3d0578dc876f2d9ba391f508a86
mechanicdb:v1:hd:fix:10270|fix|10270|mechanicdb:v1:hd:fault:2521|hd-procedure-0347||ca9118982dc09c4ce2b24eb07a75f88c
mechanicdb:v1:hd:fix:10271|fix|10271|mechanicdb:v1:hd:fault:2521|hd-procedure-0348||729251fc44a6fa4df261713923a81e4b
mechanicdb:v1:hd:fix:10437|fix|10437|mechanicdb:v1:hd:fault:2563|hd-procedure-0867||7767f27c0ef5ba396ea4fa8aeec9074c
mechanicdb:v1:hd:fix:10438|fix|10438|mechanicdb:v1:hd:fault:2563|hd-procedure-0865||9499c66e7801c47640cb22e984db7888
mechanicdb:v1:hd:fix:10439|fix|10439|mechanicdb:v1:hd:fault:2563|hd-procedure-0868||49debd3aea2baa793b3905031cfccd2c
mechanicdb:v1:hd:fix:10440|fix|10440|mechanicdb:v1:hd:fault:2563|hd-procedure-0866||57810a2ff9449b3f31d6d9f6982e8d38
mechanicdb:v1:hd:fix:10605|fix|10605|mechanicdb:v1:hd:fault:2605|hd-procedure-0785||ba36feb3498e865fedc8075910592164
mechanicdb:v1:hd:fix:10606|fix|10606|mechanicdb:v1:hd:fault:2605|hd-procedure-0786||818eb31a5510617de48bded43a581ca8
mechanicdb:v1:hd:fix:10607|fix|10607|mechanicdb:v1:hd:fault:2605|hd-procedure-0788||659d378b6857f570f0ae888f273d0164
mechanicdb:v1:hd:fix:10608|fix|10608|mechanicdb:v1:hd:fault:2605|hd-procedure-0787||d2ce2c7a325a72dcc86166c61b7aae82
mechanicdb:v1:hd:fix:10773|fix|10773|mechanicdb:v1:hd:fault:2647|hd-procedure-0777||90b12876348c9700a5ca71950f9820f3
mechanicdb:v1:hd:fix:10774|fix|10774|mechanicdb:v1:hd:fault:2647|hd-procedure-0779||812f1f1f629eb3af6a5959b4919887e1
mechanicdb:v1:hd:fix:10775|fix|10775|mechanicdb:v1:hd:fault:2647|hd-procedure-0778||969804b74679aea2076a8b46791b1a40
mechanicdb:v1:hd:fix:10776|fix|10776|mechanicdb:v1:hd:fault:2647|hd-procedure-0780||ac7fb6a5fab5b1d33811344dea94cf27
mechanicdb:v1:hd:fix:10951|fix|10951|mechanicdb:v1:hd:fault:2689|hd-procedure-0727||f0fddec39f9ed369512e36b06355be8a
mechanicdb:v1:hd:fix:10952|fix|10952|mechanicdb:v1:hd:fault:2689|hd-procedure-0729||6b0164079db094b92f14ed1cd74318c2
mechanicdb:v1:hd:fix:10953|fix|10953|mechanicdb:v1:hd:fault:2689|hd-procedure-0728||1d78784650c77b1fc7abdcf2d12adc2c
mechanicdb:v1:hd:fix:10954|fix|10954|mechanicdb:v1:hd:fault:2689|hd-procedure-0730||baae60b50f87cdacb75a2cba6df5f1fd
mechanicdb:v1:hd:fix:11133|fix|11133|mechanicdb:v1:hd:fault:2731|hd-procedure-0715||1c23fc74f2461040d6810aecf1c1569e
mechanicdb:v1:hd:fix:11134|fix|11134|mechanicdb:v1:hd:fault:2731|hd-procedure-0716||52313c4fc8638fc8c986a8d08836aac1
mechanicdb:v1:hd:fix:11135|fix|11135|mechanicdb:v1:hd:fault:2731|hd-procedure-0717||a873d17f39a3145404ae9e98ab69904c
mechanicdb:v1:hd:fix:11136|fix|11136|mechanicdb:v1:hd:fault:2731|hd-procedure-0718||44f4831c43781f4fa6de4bb39969124e
mechanicdb:v1:hd:fix:11301|fix|11301|mechanicdb:v1:hd:fault:2773|hd-procedure-0715||4c272cdb6d47245e9358081adb4fd2f9
mechanicdb:v1:hd:fix:11302|fix|11302|mechanicdb:v1:hd:fault:2773|hd-procedure-0716||464a3cc76655df4fe2971f545186ccf9
mechanicdb:v1:hd:fix:11303|fix|11303|mechanicdb:v1:hd:fault:2773|hd-procedure-0717||275e2a558e0cb90eb3ba4d77df73d82e
mechanicdb:v1:hd:fix:11304|fix|11304|mechanicdb:v1:hd:fault:2773|hd-procedure-0718||21fb24d3577f8b382b3e9a24df7ca7e9
mechanicdb:v1:hd:fix:11471|fix|11471|mechanicdb:v1:hd:fault:2815|hd-procedure-0777||b525c96ab415d4442332e70ab9c53db6
mechanicdb:v1:hd:fix:11472|fix|11472|mechanicdb:v1:hd:fault:2815|hd-procedure-0779||5d038c92213e448c9631b9937ae45903
mechanicdb:v1:hd:fix:11473|fix|11473|mechanicdb:v1:hd:fault:2815|hd-procedure-0778||0040592973ea5535b8eda0d5eb321ae5
mechanicdb:v1:hd:fix:11474|fix|11474|mechanicdb:v1:hd:fault:2815|hd-procedure-0780||7e8f69b1f0015b4fdd7ef2b30bac048c
mechanicdb:v1:hd:fix:11640|fix|11640|mechanicdb:v1:hd:fault:2857|hd-procedure-0701||ae2f0da678748cf8178d9402cf0932a8
mechanicdb:v1:hd:fix:11641|fix|11641|mechanicdb:v1:hd:fault:2857|hd-procedure-0699||42477650ee72bd7458a9cd935e59b970
mechanicdb:v1:hd:fix:11642|fix|11642|mechanicdb:v1:hd:fault:2857|hd-procedure-0700||b0d3d66e13add3c21285b9c6e7820ba6
mechanicdb:v1:hd:fix:11643|fix|11643|mechanicdb:v1:hd:fault:2857|hd-procedure-0702||6111da0d280dfddbbff492be5d7c3c9f
mechanicdb:v1:hd:fix:11808|fix|11808|mechanicdb:v1:hd:fault:2899|hd-procedure-0229||3ebad2897bd6e2a5251aeceeff407538
mechanicdb:v1:hd:fix:11809|fix|11809|mechanicdb:v1:hd:fault:2899|hd-procedure-0227||9dab824f3e888c48e0f6d14d68e64d1e
mechanicdb:v1:hd:fix:11810|fix|11810|mechanicdb:v1:hd:fault:2899|hd-procedure-0226||c4bb01da9242c4bc1b43ca18dd6454cf
mechanicdb:v1:hd:fix:11811|fix|11811|mechanicdb:v1:hd:fault:2899|hd-procedure-0228||209fccb75c7e04a5967801e1a026ce4d
mechanicdb:v1:hd:fix:11969|fix|11969|mechanicdb:v1:hd:fault:2941|hd-procedure-0001||609009b107ce9bba0bdccda59b3c8e23
mechanicdb:v1:hd:fix:11970|fix|11970|mechanicdb:v1:hd:fault:2941|hd-procedure-0002||d063b5ba702ec2eb8f68ed57093fa6e0
mechanicdb:v1:hd:fix:11971|fix|11971|mechanicdb:v1:hd:fault:2941|hd-procedure-0003||fe21c4b6ad3bf5bd633dbfb7b82069b8
mechanicdb:v1:hd:fix:11972|fix|11972|mechanicdb:v1:hd:fault:2941|hd-procedure-0004||6eef7dd37b6ab453ec8091fd9461d06e
mechanicdb:v1:hd:fix:12133|fix|12133|mechanicdb:v1:hd:fault:2983|hd-procedure-0162||0be6b2dd2fae1f98ee0c6756f0b57104
mechanicdb:v1:hd:fix:12134|fix|12134|mechanicdb:v1:hd:fault:2983|hd-procedure-0163||cc472dee1c517606cd0c3c0c1ea93cdb
mechanicdb:v1:hd:fix:12135|fix|12135|mechanicdb:v1:hd:fault:2983|hd-procedure-0164||d1496ed77111144848ae3214c7e82fca
mechanicdb:v1:hd:fix:12136|fix|12136|mechanicdb:v1:hd:fault:2983|hd-procedure-0165||44f311f29f83d5c4b78742278711c2ea
mechanicdb:v1:hd:fix:12292|fix|12292|mechanicdb:v1:hd:fault:3025|hd-procedure-0849||6737b56ebd04eef30c0edbdd21e78739
mechanicdb:v1:hd:fix:12293|fix|12293|mechanicdb:v1:hd:fault:3025|hd-procedure-0852||8a2ff428ab374a77f2357f65b56ecff9
mechanicdb:v1:hd:fix:12294|fix|12294|mechanicdb:v1:hd:fault:3025|hd-procedure-0850||22d49adc5a5a8aab1993ae85e1d4e5a0
mechanicdb:v1:hd:fix:12295|fix|12295|mechanicdb:v1:hd:fault:3025|hd-procedure-0851||8cc9a07c6f6ca9b6d7eca14bd87f9af2
mechanicdb:v1:hd:fix:12460|fix|12460|mechanicdb:v1:hd:fault:3067|hd-procedure-0323||1202ded4d8bec40f6298f3f4cf9de733
mechanicdb:v1:hd:fix:12461|fix|12461|mechanicdb:v1:hd:fault:3067|hd-procedure-0324||2db462b302406cb5947eb82f4a2b9fdc
mechanicdb:v1:hd:fix:12462|fix|12462|mechanicdb:v1:hd:fault:3067|hd-procedure-0325||82ed2c2fd3147f560541b2ae498dec52
mechanicdb:v1:hd:fix:12463|fix|12463|mechanicdb:v1:hd:fault:3067|hd-procedure-0326||b95c5ce10bfa5ff1de2ba11ad1d7a8b1
mechanicdb:v1:hd:fix:12626|fix|12626|mechanicdb:v1:hd:fault:3109|hd-procedure-0325||5c0163b29b8258cb95047a1549b0c7c7
mechanicdb:v1:hd:fix:12627|fix|12627|mechanicdb:v1:hd:fault:3109|hd-procedure-0323||4fab6596c0eea79323f140791eabc0f5
mechanicdb:v1:hd:fix:12628|fix|12628|mechanicdb:v1:hd:fault:3109|hd-procedure-0324||7f3ef161d2e3c606b1d15a8eb041a132
mechanicdb:v1:hd:fix:12629|fix|12629|mechanicdb:v1:hd:fault:3109|hd-procedure-0326||723dd3ccbb92a9b8042b928dda55ab16
mechanicdb:v1:hd:fix:12792|fix|12792|mechanicdb:v1:hd:fault:3151|hd-procedure-0182||9387fd431138b03305a96cc91d356a0e
mechanicdb:v1:hd:fix:12793|fix|12793|mechanicdb:v1:hd:fault:3151|hd-procedure-0184||774961e8b38173de06790b5681e5f4a3
mechanicdb:v1:hd:fix:12794|fix|12794|mechanicdb:v1:hd:fault:3151|hd-procedure-0183||397ad74b3d14a57bb339ff1b877c75a3
mechanicdb:v1:hd:fix:12795|fix|12795|mechanicdb:v1:hd:fault:3151|hd-procedure-0185||232ee485f9c2dcf58b704ef4c3d7e266
mechanicdb:v1:hd:fix:12958|fix|12958|mechanicdb:v1:hd:fault:3193|hd-procedure-0017||5722be48870e6086624a03120531235f
mechanicdb:v1:hd:fix:12959|fix|12959|mechanicdb:v1:hd:fault:3193|hd-procedure-0019||a1ecabaad85f5c428081b4d54207c9be
mechanicdb:v1:hd:fix:12960|fix|12960|mechanicdb:v1:hd:fault:3193|hd-procedure-0018||131bdc58dadcb46c10f6eefdaab2c90e
mechanicdb:v1:hd:fix:12961|fix|12961|mechanicdb:v1:hd:fault:3193|hd-procedure-0020||64795c5b247e3a3d94ffc40594d5c2d0
mechanicdb:v1:hd:fix:13119|fix|13119|mechanicdb:v1:hd:fault:3235|hd-procedure-0012||e2c7d30721f5c576c97e326c9775d576
mechanicdb:v1:hd:fix:13120|fix|13120|mechanicdb:v1:hd:fault:3235|hd-procedure-0010||a34179da5a7d1f31602f69b2aafca54e
mechanicdb:v1:hd:fix:13121|fix|13121|mechanicdb:v1:hd:fault:3235|hd-procedure-0009||3fc9d1750a8ca02f3fa9ea66e31cdbea
mechanicdb:v1:hd:fix:13122|fix|13122|mechanicdb:v1:hd:fault:3235|hd-procedure-0011||8ca2b853c7679dd22353e5bf71f8bb63
mechanicdb:v1:hd:fix:13266|fix|13266|mechanicdb:v1:hd:fault:3277|hd-procedure-0194||83977370985dcaf60ef4b1f959e1111f
mechanicdb:v1:hd:fix:13267|fix|13267|mechanicdb:v1:hd:fault:3277|hd-procedure-0193||6af4b23cc4e1d2c9e4f4a88b9556ccb6
mechanicdb:v1:hd:fix:13268|fix|13268|mechanicdb:v1:hd:fault:3277|hd-procedure-0195||991b308e32d0aeb5a57cbcdf1e0b9993
mechanicdb:v1:hd:fix:13416|fix|13416|mechanicdb:v1:hd:fault:3319|hd-procedure-0267||77874f1eb3eda32bf3577abaea93ea4b
mechanicdb:v1:hd:fix:13417|fix|13417|mechanicdb:v1:hd:fault:3319|hd-procedure-0268||29e46572271759ab6af17aeed3751d80
mechanicdb:v1:hd:fix:13418|fix|13418|mechanicdb:v1:hd:fault:3319|hd-procedure-0269||c8d8c917ef94782eaaff35fadb54acaf
mechanicdb:v1:hd:fix:13578|fix|13578|mechanicdb:v1:hd:fault:3361|hd-procedure-0599||07e6cece2467694d1a8e467549612ce9
mechanicdb:v1:hd:fix:13579|fix|13579|mechanicdb:v1:hd:fault:3361|hd-procedure-0600||a177922bb56f1a187e777a252d86cd93
mechanicdb:v1:hd:fix:13580|fix|13580|mechanicdb:v1:hd:fault:3361|hd-procedure-0601||4b73f63b558a68b3610c9d4344a09e99
mechanicdb:v1:hd:fix:13581|fix|13581|mechanicdb:v1:hd:fault:3361|hd-procedure-0602||a606984495ab770c0a5eff0c288f9269
mechanicdb:v1:hd:fix:13769|fix|13769|mechanicdb:v1:hd:fault:3403|hd-procedure-0587||1cb904e616475394ee81150b8720793d
mechanicdb:v1:hd:fix:13770|fix|13770|mechanicdb:v1:hd:fault:3403|hd-procedure-0589||150e90cfac579c8c99c966e20b6f244e
mechanicdb:v1:hd:fix:13771|fix|13771|mechanicdb:v1:hd:fault:3403|hd-procedure-0588||cb0398d5f0626428fe5c9027d4f7cab3
mechanicdb:v1:hd:fix:13772|fix|13772|mechanicdb:v1:hd:fault:3403|hd-procedure-0591||d6bfcba269af3c987ccfd4b9652b1aee
mechanicdb:v1:hd:fix:13773|fix|13773|mechanicdb:v1:hd:fault:3403|hd-procedure-0590||1c38dabf8a8fda1df883c5780d67002a
mechanicdb:v1:hd:fix:13973|fix|13973|mechanicdb:v1:hd:fault:3445|hd-procedure-0579||007bebf11e312ab164195c29ddd5cdd1
mechanicdb:v1:hd:fix:13974|fix|13974|mechanicdb:v1:hd:fault:3445|hd-procedure-0578||298fde4227c947f7a3911030997d2a93
mechanicdb:v1:hd:fix:13975|fix|13975|mechanicdb:v1:hd:fault:3445|hd-procedure-0580||136e241cbaa52ad62a09342e4eb930cc
mechanicdb:v1:hd:fix:13976|fix|13976|mechanicdb:v1:hd:fault:3445|hd-procedure-0581||a1b13edc901180d72c0c2fac3b19cebf
mechanicdb:v1:hd:fix:13977|fix|13977|mechanicdb:v1:hd:fault:3445|hd-procedure-0582||34e66075f93d0741ea2800e049d320a7
mechanicdb:v1:hd:fix:14176|fix|14176|mechanicdb:v1:hd:fault:3487|hd-procedure-0579||cffdf055df10fd449b1ced11888b8523
mechanicdb:v1:hd:fix:14177|fix|14177|mechanicdb:v1:hd:fault:3487|hd-procedure-0578||4e1f090d3d93861f6ff29381a110cf39
mechanicdb:v1:hd:fix:14178|fix|14178|mechanicdb:v1:hd:fault:3487|hd-procedure-0580||e9314c1c9ee9d9e219faee772139c100
mechanicdb:v1:hd:fix:14179|fix|14179|mechanicdb:v1:hd:fault:3487|hd-procedure-0581||064b09e01592b70df1c6b01c9f9bba53
mechanicdb:v1:hd:fix:14180|fix|14180|mechanicdb:v1:hd:fault:3487|hd-procedure-0582||b855e96b59bc4dd2472114ccb12e5495
mechanicdb:v1:hd:fix:14354|fix|14354|mechanicdb:v1:hd:fault:3529|hd-procedure-0592||01fde90b88c258025c06459429d3bdc7
mechanicdb:v1:hd:fix:14355|fix|14355|mechanicdb:v1:hd:fault:3529|hd-procedure-0593||f3d3212cd64c75240473f3d9846d49e2
mechanicdb:v1:hd:fix:14356|fix|14356|mechanicdb:v1:hd:fault:3529|hd-procedure-0594||68d08025fdbfb85b07555000ab9457e4
mechanicdb:v1:hd:fix:14357|fix|14357|mechanicdb:v1:hd:fault:3529|hd-procedure-0595||fec615b7fbbb821acffb71c36a364365
mechanicdb:v1:hd:fix:14515|fix|14515|mechanicdb:v1:hd:fault:3571|hd-procedure-0646||20f947fb6cbec3383b61c7e428b13658
mechanicdb:v1:hd:fix:14516|fix|14516|mechanicdb:v1:hd:fault:3571|hd-procedure-0647||cae5977a821934b081621f3ff8d877f2
mechanicdb:v1:hd:fix:14517|fix|14517|mechanicdb:v1:hd:fault:3571|hd-procedure-0648||0bac04437a5d7ee71cee923ce182ef5e
mechanicdb:v1:hd:fix:14518|fix|14518|mechanicdb:v1:hd:fault:3571|hd-procedure-0645||85d2d30ca5c5a22a44f3d3e7e58909a8
mechanicdb:v1:hd:fix:14679|fix|14679|mechanicdb:v1:hd:fault:3613|hd-procedure-0809||98a418719c818c622df7588c6f9c4ead
mechanicdb:v1:hd:fix:14680|fix|14680|mechanicdb:v1:hd:fault:3613|hd-procedure-0810||595bf39bc9da654cd0089494f5012c39
mechanicdb:v1:hd:fix:14681|fix|14681|mechanicdb:v1:hd:fault:3613|hd-procedure-0812||03dfe562ce7fea8847a47adbe39c270a
mechanicdb:v1:hd:fix:14682|fix|14682|mechanicdb:v1:hd:fault:3613|hd-procedure-0811||b7154d4b38669cbcb82aa961dcfd087a
mechanicdb:v1:hd:fix:14867|fix|14867|mechanicdb:v1:hd:fault:3655|hd-procedure-0587||bcc85788d6275edee3daa317331bcd49
mechanicdb:v1:hd:fix:14868|fix|14868|mechanicdb:v1:hd:fault:3655|hd-procedure-0589||7f1728b056472eab5b44a1a62e779a0b
mechanicdb:v1:hd:fix:14869|fix|14869|mechanicdb:v1:hd:fault:3655|hd-procedure-0588||07ca727be5847c0e80b5ce7cff906db0
mechanicdb:v1:hd:fix:14870|fix|14870|mechanicdb:v1:hd:fault:3655|hd-procedure-0591||ed8927492192cd105d3267db460d3aa1
mechanicdb:v1:hd:fix:14871|fix|14871|mechanicdb:v1:hd:fault:3655|hd-procedure-0590||8bb930607b02efd5f45c68cd6d642ffd
mechanicdb:v1:hd:fix:15077|fix|15077|mechanicdb:v1:hd:fault:3697|hd-procedure-0587||e70f28c7a7792e5479ae244e06753ba4
mechanicdb:v1:hd:fix:15078|fix|15078|mechanicdb:v1:hd:fault:3697|hd-procedure-0589||a2cf45deb8116c9c0c705b66a65e3991
mechanicdb:v1:hd:fix:15079|fix|15079|mechanicdb:v1:hd:fault:3697|hd-procedure-0588||61704d2486070f340af9300746525849
mechanicdb:v1:hd:fix:15080|fix|15080|mechanicdb:v1:hd:fault:3697|hd-procedure-0591||819d3fe8296f1cdd82d7b1c4010968fb
mechanicdb:v1:hd:fix:15081|fix|15081|mechanicdb:v1:hd:fault:3697|hd-procedure-0590||81503374c82ff86a4ce1b598904f07cc
mechanicdb:v1:hd:fix:15277|fix|15277|mechanicdb:v1:hd:fault:3739|hd-procedure-0599||f5989a17ac264659aa9ded8e44eed609
mechanicdb:v1:hd:fix:15278|fix|15278|mechanicdb:v1:hd:fault:3739|hd-procedure-0600||9f12c37ef667b4eb4c089e0fcf22f9eb
mechanicdb:v1:hd:fix:15279|fix|15279|mechanicdb:v1:hd:fault:3739|hd-procedure-0601||f02377d24d9b23aabbcb13e118e6022c
mechanicdb:v1:hd:fix:15280|fix|15280|mechanicdb:v1:hd:fault:3739|hd-procedure-0602||e86d68e44710bc8f6dbe28253a119867
mechanicdb:v1:hd:fix:15445|fix|15445|mechanicdb:v1:hd:fault:3781|hd-procedure-0668||6c814590e51274a03c8c504840f84017
mechanicdb:v1:hd:fix:15446|fix|15446|mechanicdb:v1:hd:fault:3781|hd-procedure-0667||ca3abbadf599dca4849873644a2b54f8
mechanicdb:v1:hd:fix:15447|fix|15447|mechanicdb:v1:hd:fault:3781|hd-procedure-0665||f0a2a101444637dbcb1be9e0b4c5d4f3
mechanicdb:v1:hd:fix:15448|fix|15448|mechanicdb:v1:hd:fault:3781|hd-procedure-0666||4fe31c97a2c0f2dd3d632eead38fe7c9
mechanicdb:v1:hd:fix:15604|fix|15604|mechanicdb:v1:hd:fault:3823|hd-procedure-0669||97241894b18883f294cab923cc5d2794
mechanicdb:v1:hd:fix:15605|fix|15605|mechanicdb:v1:hd:fault:3823|hd-procedure-0671||269bb1704022658e434eb81551d31440
mechanicdb:v1:hd:fix:15606|fix|15606|mechanicdb:v1:hd:fault:3823|hd-procedure-0670||ff72eabb181a69504d41bca102148776
mechanicdb:v1:hd:fix:15730|fix|15730|mechanicdb:v1:hd:fault:3865|hd-procedure-0669||6a0a16499ead7fe587a13efb5a545552
mechanicdb:v1:hd:fix:15731|fix|15731|mechanicdb:v1:hd:fault:3865|hd-procedure-0671||4a4bd9bbdb90dfdea7886bf1d029e948
mechanicdb:v1:hd:fix:15732|fix|15732|mechanicdb:v1:hd:fault:3865|hd-procedure-0670||e2c5acad3d358e976f740727a621d471
mechanicdb:v1:hd:fix:15865|fix|15865|mechanicdb:v1:hd:fault:3907|hd-procedure-0366||b509ac71ba75e94fcb938681ea753a0d
mechanicdb:v1:hd:fix:15866|fix|15866|mechanicdb:v1:hd:fault:3907|hd-procedure-0367||acb0e1fb58cf957495a4d152314e213a
mechanicdb:v1:hd:fix:15867|fix|15867|mechanicdb:v1:hd:fault:3907|hd-procedure-0368||66859f20ede86f813c418260ff6187ad
mechanicdb:v1:hd:fix:15868|fix|15868|mechanicdb:v1:hd:fault:3907|hd-procedure-0369||071a5fc70c33cf7fa8ef5ffbbd965779
mechanicdb:v1:hd:fix:16012|fix|16012|mechanicdb:v1:hd:fault:3949|hd-procedure-0376||058af03fa027778d313d0f6454a9bb30
mechanicdb:v1:hd:fix:16013|fix|16013|mechanicdb:v1:hd:fault:3949|hd-procedure-0377||b0707e412dc2acb28bde0510abc6bc83
mechanicdb:v1:hd:fix:16014|fix|16014|mechanicdb:v1:hd:fault:3949|hd-procedure-0378||e2d28905e949c5d23c9a0666ecb93c96
mechanicdb:v1:hd:fix:16154|fix|16154|mechanicdb:v1:hd:fault:3991|hd-procedure-0335||43b823d33cdab9287f24960191b11091
mechanicdb:v1:hd:fix:16155|fix|16155|mechanicdb:v1:hd:fault:3991|hd-procedure-0336||c6dcf17a45770d483846f153922169cb
mechanicdb:v1:hd:fix:16156|fix|16156|mechanicdb:v1:hd:fault:3991|hd-procedure-0337||7679886a57f764e286913ffda511bf99
mechanicdb:v1:hd:fix:16157|fix|16157|mechanicdb:v1:hd:fault:3991|hd-procedure-0338||a36d535a83ad6512f54641c61b8d2b9e
mechanicdb:v1:hd:fix:16318|fix|16318|mechanicdb:v1:hd:fault:4033|hd-procedure-0182||60bc18020d7f20a50f189c8000cfe778
mechanicdb:v1:hd:fix:16319|fix|16319|mechanicdb:v1:hd:fault:4033|hd-procedure-0183||849fa7b9babaa8d9a5ad4fb77d41a57c
mechanicdb:v1:hd:fix:16320|fix|16320|mechanicdb:v1:hd:fault:4033|hd-procedure-0184||958ed6f9eccebe6d6268dc6488efc46c
mechanicdb:v1:hd:fix:16321|fix|16321|mechanicdb:v1:hd:fault:4033|hd-procedure-0185||8a475211f7f4d7e2d03532b1c5d43521
mechanicdb:v1:hd:fix:16483|fix|16483|mechanicdb:v1:hd:fault:4075|hd-procedure-0197||50c075ae0c1897ba72d55504203dfdf0
mechanicdb:v1:hd:fix:16484|fix|16484|mechanicdb:v1:hd:fault:4075|hd-procedure-0199||4b5ff23e1c1ba72b8797781785eb6e38
mechanicdb:v1:hd:fix:16485|fix|16485|mechanicdb:v1:hd:fault:4075|hd-procedure-0198||aa1aba28d8cfe7edfc322e50ed9e62a2
mechanicdb:v1:hd:fix:16486|fix|16486|mechanicdb:v1:hd:fault:4075|hd-procedure-0196||283ea7112361ba686a9b543edc34dd40
mechanicdb:v1:hd:fix:16651|fix|16651|mechanicdb:v1:hd:fault:4117|hd-procedure-0349||37d3b62182788ca4b21210b50867ec91
mechanicdb:v1:hd:fix:16652|fix|16652|mechanicdb:v1:hd:fault:4117|hd-procedure-0346||c537d633df5136b04f6a8846fcd50d88
mechanicdb:v1:hd:fix:16653|fix|16653|mechanicdb:v1:hd:fault:4117|hd-procedure-0347||29058987c3151640b918a5428cd98abe
mechanicdb:v1:hd:fix:16654|fix|16654|mechanicdb:v1:hd:fault:4117|hd-procedure-0348||932588076083678aabf88a37a807d8bf
mechanicdb:v1:hd:fix:16800|fix|16800|mechanicdb:v1:hd:fault:4159|hd-procedure-0224||8c138ff4702c41f77e35541fcca35c6a
mechanicdb:v1:hd:fix:16801|fix|16801|mechanicdb:v1:hd:fault:4159|hd-procedure-0223||292cce61bef62ade96dee89fde2680fa
mechanicdb:v1:hd:fix:16802|fix|16802|mechanicdb:v1:hd:fault:4159|hd-procedure-0225||78cb1cf92ea06054d5dd8913793db903
mechanicdb:v1:hd:part:1|part|1|mechanicdb:v1:hd:fix:2|hd-procedure-0601|hd-part-0180|d6f47096050e740eda5a2c196ae346eb
mechanicdb:v1:hd:part:43|part|43|mechanicdb:v1:hd:fix:171|hd-procedure-0613|hd-part-0183|ec3fa9db9a7b2546ce2a0de0b16063e7
mechanicdb:v1:hd:part:119|part|119|mechanicdb:v1:hd:fix:350|hd-procedure-0589|hd-part-0176|3df246791a179f4781ef77e0994b64a9
mechanicdb:v1:hd:part:120|part|120|mechanicdb:v1:hd:fix:352|hd-procedure-0591|hd-part-0177|8e292592ad9c618bd0fa2697e410c7ca
mechanicdb:v1:hd:part:203|part|203|mechanicdb:v1:hd:fix:547|hd-procedure-0589|hd-part-0176|0a19cf0cad3b57027ffbb3ffb701bad2
mechanicdb:v1:hd:part:204|part|204|mechanicdb:v1:hd:fix:549|hd-procedure-0591|hd-part-0177|675dd74e9f5c21e1a5fde5f89aa60796
mechanicdb:v1:hd:part:260|part|260|mechanicdb:v1:hd:fix:728|hd-procedure-0594|hd-part-0178|76a562d3027c1fea9595879b95a85b87
mechanicdb:v1:hd:part:304|part|304|mechanicdb:v1:hd:fix:882|hd-procedure-0594|hd-part-0178|e1c0c2b8289d6ab1481d95c83e497dd4
mechanicdb:v1:hd:part:346|part|346|mechanicdb:v1:hd:fix:1047|hd-procedure-0647|hd-part-0193|5791d4811175864e6893c4dc74e117a7
mechanicdb:v1:hd:part:388|part|388|mechanicdb:v1:hd:fix:1207|hd-procedure-0018|hd-part-0005|b1f4d8b06ef37d8c610949a9edc9dcc2
mechanicdb:v1:hd:part:430|part|430|mechanicdb:v1:hd:fix:1371|hd-procedure-0184|hd-part-0048|715f1bb35d941ad6fde4f903e7efd382
mechanicdb:v1:hd:part:473|part|473|mechanicdb:v1:hd:fix:1538|hd-procedure-0227|hd-part-0060|5f12af596f202481be9a4b70873f0c1a
mechanicdb:v1:hd:part:516|part|516|mechanicdb:v1:hd:fix:1704|hd-procedure-0198|hd-part-0052|339cf6d7f236df5ba3ee6ea0670ab906
mechanicdb:v1:hd:part:563|part|563|mechanicdb:v1:hd:fix:1868|hd-procedure-0003|hd-part-0001|82f63433aceb75215ce57a70e67fe297
mechanicdb:v1:hd:part:606|part|606|mechanicdb:v1:hd:fix:2016|hd-procedure-0060|hd-part-0016|922f143395f0b985097c270171cbecb6
mechanicdb:v1:hd:part:648|part|648|mechanicdb:v1:hd:fix:2155|hd-procedure-0060|hd-part-0016|c549fcd3bd722981dc6a9c64421ed99a
mechanicdb:v1:hd:part:709|part|709|mechanicdb:v1:hd:fix:2321|hd-procedure-0443|hd-part-0120|fc3b539bd0fa25aaf3fe8a8f72a6a4a7
mechanicdb:v1:hd:part:710|part|710|mechanicdb:v1:hd:fix:2322|hd-procedure-0445|hd-part-0121|6f76f430a2919ef0dd03db5837000c06
mechanicdb:v1:hd:part:775|part|775|mechanicdb:v1:hd:fix:2513|hd-procedure-0436|hd-part-0117|375969b7116b400effafd876e2833d36
mechanicdb:v1:hd:part:858|part|858|mechanicdb:v1:hd:fix:2686|hd-procedure-0491|hd-part-0138|0cbe6ba1cbeb3aa3738fafe443666139
mechanicdb:v1:hd:part:859|part|859|mechanicdb:v1:hd:fix:2684|hd-procedure-0493|hd-part-0139|ba35b1a23334f75956d5f198786f457b
mechanicdb:v1:hd:part:860|part|860|mechanicdb:v1:hd:fix:2683|hd-procedure-0494|hd-part-0140|fb134197ec85632bfb05bea2cf2ac671
mechanicdb:v1:hd:part:956|part|956|mechanicdb:v1:hd:fix:2869|hd-procedure-0459|hd-part-0126|baf6843613db748493e8dd7bd563359b
mechanicdb:v1:hd:part:957|part|957|mechanicdb:v1:hd:fix:2867|hd-procedure-0461|hd-part-0127|feeff5d03ba784b5b925d3e046161970
mechanicdb:v1:hd:part:1022|part|1022|mechanicdb:v1:hd:fix:3037|hd-procedure-0571|hd-part-0169|d647a219f544db89eff251ef62fb8f92
mechanicdb:v1:hd:part:1098|part|1098|mechanicdb:v1:hd:fix:3205|hd-procedure-0496|hd-part-0141|3a58e024bf54e9ff73ddf0549f8b4f6c
mechanicdb:v1:hd:part:1099|part|1099|mechanicdb:v1:hd:fix:3203|hd-procedure-0498|hd-part-0142|b3ddd67792b665f9d7a548a35f6289b4
mechanicdb:v1:hd:part:1166|part|1166|mechanicdb:v1:hd:fix:3367|hd-procedure-0453|hd-part-0124|f82b6df83ef9509a64c1c9ee66cf966d
mechanicdb:v1:hd:part:1238|part|1238|mechanicdb:v1:hd:fix:3556|hd-procedure-0471|hd-part-0130|3b6fe8b03d640017462960d66cd13ee0
mechanicdb:v1:hd:part:1239|part|1239|mechanicdb:v1:hd:fix:3555|hd-procedure-0474|hd-part-0131|95fc776ff938aa66db4b07da6f595f57
mechanicdb:v1:hd:part:1310|part|1310|mechanicdb:v1:hd:fix:3736|hd-procedure-0558|hd-part-0165|3e3337f1e651b8f99dc407a38a1e2fe8
mechanicdb:v1:hd:part:1352|part|1352|mechanicdb:v1:hd:fix:3909|hd-procedure-0558|hd-part-0165|01a5f511c065ab68b3dcc9e396155db8
mechanicdb:v1:hd:part:1429|part|1429|mechanicdb:v1:hd:fix:4082|hd-procedure-0538|hd-part-0159|5f797f15ddb1a45723030e4b603f4b59
mechanicdb:v1:hd:part:1430|part|1430|mechanicdb:v1:hd:fix:4084|hd-procedure-0541|hd-part-0160|ce0027fe0a50bfcbd94ff2371d6516cc
mechanicdb:v1:hd:part:1501|part|1501|mechanicdb:v1:hd:fix:4252|hd-procedure-0525|hd-part-0153|920da4afdefb8b3c9d2244aff3710fcd
mechanicdb:v1:hd:part:1502|part|1502|mechanicdb:v1:hd:fix:4251|hd-procedure-0527|hd-part-0154|48222e6c6abf1536e23164f07e02e446
mechanicdb:v1:hd:part:1585|part|1585|mechanicdb:v1:hd:fix:4420|hd-procedure-0477|hd-part-0132|142a2f650c856754edb12fc13d097534
mechanicdb:v1:hd:part:1586|part|1586|mechanicdb:v1:hd:fix:4418|hd-procedure-0479|hd-part-0133|52d710258289e731ad48a155c2fbbb21
mechanicdb:v1:hd:part:1669|part|1669|mechanicdb:v1:hd:fix:4593|hd-procedure-0849|hd-part-0255|2366170c74fa694c2c001b3e9f474472
mechanicdb:v1:hd:part:1670|part|1670|mechanicdb:v1:hd:fix:4592|hd-procedure-0851|hd-part-0256|5113b0d6f10d6c023f792686c2127ccd
mechanicdb:v1:hd:part:1735|part|1735|mechanicdb:v1:hd:fix:4759|hd-procedure-0845|hd-part-0253|48d0ba6ca58729f847651468eb1434c3
mechanicdb:v1:hd:part:1736|part|1736|mechanicdb:v1:hd:fix:4758|hd-procedure-0847|hd-part-0254|b6899639c33e684eec91b7c04125ed9a
mechanicdb:v1:hd:part:1818|part|1818|mechanicdb:v1:hd:fix:4935|hd-procedure-0509|hd-part-0147|839e4f0ab9bf8ac8079ae3c00539b27d
mechanicdb:v1:hd:part:1819|part|1819|mechanicdb:v1:hd:fix:4933|hd-procedure-0512|hd-part-0148|a508d165c51156ed5ab93c849dbf473d
mechanicdb:v1:hd:part:1902|part|1902|mechanicdb:v1:hd:fix:5137|hd-procedure-0505|hd-part-0145|9d510c46c5395bf084156b448d307c12
mechanicdb:v1:hd:part:1903|part|1903|mechanicdb:v1:hd:fix:5138|hd-procedure-0507|hd-part-0146|defd06b0841fe8444f871388d17e6d73
mechanicdb:v1:hd:part:1986|part|1986|mechanicdb:v1:hd:fix:5310|hd-procedure-0500|hd-part-0143|862a7d7b28898691382777377844a267
mechanicdb:v1:hd:part:1987|part|1987|mechanicdb:v1:hd:fix:5311|hd-procedure-0503|hd-part-0144|aa5950f7842ca2f5dfc8b3c1fc99ef45
mechanicdb:v1:hd:part:2068|part|2068|mechanicdb:v1:hd:fix:5513|hd-procedure-0861|hd-part-0261|9c81051ba14bb26853ece7aea5bd8d06
mechanicdb:v1:hd:part:2069|part|2069|mechanicdb:v1:hd:fix:5516|hd-procedure-0863|hd-part-0262|a87926cdc7ff3bb2afbb2b3b4d3067b1
mechanicdb:v1:hd:part:2152|part|2152|mechanicdb:v1:hd:fix:5697|hd-procedure-0538|hd-part-0159|ff3d4934265a9e4fd7b7dfb4648d9148
mechanicdb:v1:hd:part:2153|part|2153|mechanicdb:v1:hd:fix:5699|hd-procedure-0541|hd-part-0160|9d270f7e650c652a1c7a7924d2866761
mechanicdb:v1:hd:part:2236|part|2236|mechanicdb:v1:hd:fix:5894|hd-procedure-0573|hd-part-0170|be5602e526522b5d57a1abde46102dcd
mechanicdb:v1:hd:part:2237|part|2237|mechanicdb:v1:hd:fix:5893|hd-procedure-0576|hd-part-0171|39a6fddd3ae09e5f84d9f6f563307ecc
mechanicdb:v1:hd:part:2320|part|2320|mechanicdb:v1:hd:fix:6063|hd-procedure-0521|hd-part-0151|9d1677ef8f172a2a220f803670b28488
mechanicdb:v1:hd:part:2321|part|2321|mechanicdb:v1:hd:fix:6064|hd-procedure-0523|hd-part-0152|814bbf6f689b1e9594e74588d4e32ec5
mechanicdb:v1:hd:part:2404|part|2404|mechanicdb:v1:hd:fix:6233|hd-procedure-0521|hd-part-0151|34a2d7ee7e387481597c9b820e611659
mechanicdb:v1:hd:part:2405|part|2405|mechanicdb:v1:hd:fix:6231|hd-procedure-0523|hd-part-0152|4e5e1e22b3ca567ce4ff2b641cc5beba
mechanicdb:v1:hd:part:2488|part|2488|mechanicdb:v1:hd:fix:6401|hd-procedure-0521|hd-part-0151|69af1163b171904d8b524e8b77d2313e
mechanicdb:v1:hd:part:2489|part|2489|mechanicdb:v1:hd:fix:6399|hd-procedure-0523|hd-part-0152|aed7d1f78ee1a56e9d3085e9f1ce61a7
mechanicdb:v1:hd:part:2572|part|2572|mechanicdb:v1:hd:fix:6569|hd-procedure-0448|hd-part-0122|4fcdca3075279c4c460fdd468f8882ed
mechanicdb:v1:hd:part:2573|part|2573|mechanicdb:v1:hd:fix:6567|hd-procedure-0450|hd-part-0123|09b75958ea1cc18d9fbbbdc8579f0234
mechanicdb:v1:hd:part:2656|part|2656|mechanicdb:v1:hd:fix:6737|hd-procedure-0448|hd-part-0122|c96da6e808d322dcd6e4614fd001630e
mechanicdb:v1:hd:part:2657|part|2657|mechanicdb:v1:hd:fix:6736|hd-procedure-0450|hd-part-0123|918752afdec694deeefb09f42cb5b208
mechanicdb:v1:hd:part:2740|part|2740|mechanicdb:v1:hd:fix:6905|hd-procedure-0525|hd-part-0153|d2ef58286edf721bd79d7ab51eead203
mechanicdb:v1:hd:part:2741|part|2741|mechanicdb:v1:hd:fix:6904|hd-procedure-0527|hd-part-0154|a98f3ad75149495631c07f61dd18deca
mechanicdb:v1:hd:part:2824|part|2824|mechanicdb:v1:hd:fix:7073|hd-procedure-0525|hd-part-0153|e19a6c1f2c9904fb3edfecbc12b3ac9c
mechanicdb:v1:hd:part:2825|part|2825|mechanicdb:v1:hd:fix:7072|hd-procedure-0527|hd-part-0154|7c2850520c6676bd0786b61731db1e74
mechanicdb:v1:hd:part:2908|part|2908|mechanicdb:v1:hd:fix:7241|hd-procedure-0525|hd-part-0153|efc3b06f44905264f457a8346b13a6ab
mechanicdb:v1:hd:part:2909|part|2909|mechanicdb:v1:hd:fix:7240|hd-procedure-0527|hd-part-0154|cf295ba9040a53229fab5d552d24d3ad
mechanicdb:v1:hd:part:2992|part|2992|mechanicdb:v1:hd:fix:7409|hd-procedure-0525|hd-part-0153|4b29e575f2226196275d0e4996a9cbea
mechanicdb:v1:hd:part:2993|part|2993|mechanicdb:v1:hd:fix:7408|hd-procedure-0527|hd-part-0154|faa2367ae50983264f897903223c41c2
mechanicdb:v1:hd:part:3070|part|3070|mechanicdb:v1:hd:fix:7569|hd-procedure-0521|hd-part-0151|063821f50bfec8a925cce6571544932d
mechanicdb:v1:hd:part:3071|part|3071|mechanicdb:v1:hd:fix:7571|hd-procedure-0523|hd-part-0152|84ee44b46b8031c58b4e6df1bc429b8b
mechanicdb:v1:hd:part:3154|part|3154|mechanicdb:v1:hd:fix:7737|hd-procedure-0521|hd-part-0151|1921449c89e9399e4d0b56ae32fba1d0
mechanicdb:v1:hd:part:3155|part|3155|mechanicdb:v1:hd:fix:7739|hd-procedure-0523|hd-part-0152|1e4a3534f63cbe060486b4d7e04aba4c
mechanicdb:v1:hd:part:3219|part|3219|mechanicdb:v1:hd:fix:7887|hd-procedure-0515|hd-part-0149|c52ca0f5d558f6dbc3e4526233d41005
mechanicdb:v1:hd:part:3261|part|3261|mechanicdb:v1:hd:fix:8040|hd-procedure-0519|hd-part-0150|46180c30d7bb61f94dee90bb5317dd7a
mechanicdb:v1:hd:part:3303|part|3303|mechanicdb:v1:hd:fix:8208|hd-procedure-0519|hd-part-0150|51b987fcadfdac460172b0a61a7c78be
mechanicdb:v1:hd:part:3351|part|3351|mechanicdb:v1:hd:fix:8381|hd-procedure-0443|hd-part-0120|cf81bc7cde8711af0b958f0037a97a8b
mechanicdb:v1:hd:part:3352|part|3352|mechanicdb:v1:hd:fix:8380|hd-procedure-0445|hd-part-0121|b901abb12c433e378b76f95a885138f2
mechanicdb:v1:hd:part:3420|part|3420|mechanicdb:v1:hd:fix:8585|hd-procedure-0466|hd-part-0128|ad106607cdfc2cfdf2b04fa976d6538e
mechanicdb:v1:hd:part:3487|part|3487|mechanicdb:v1:hd:fix:8768|hd-procedure-0833|hd-part-0248|a9534c967033d8cab2ad6248f38f0545
mechanicdb:v1:hd:part:3560|part|3560|mechanicdb:v1:hd:fix:8965|hd-procedure-0861|hd-part-0261|0fcb15c265bbb90dd33395be0fccba1d
mechanicdb:v1:hd:part:3561|part|3561|mechanicdb:v1:hd:fix:8968|hd-procedure-0863|hd-part-0262|83702cb54f615c099f5d4dda1f8fdb0c
mechanicdb:v1:hd:part:3619|part|3619|mechanicdb:v1:hd:fix:9134|hd-procedure-0014|hd-part-0004|62e457ff07bcae2d0b97a081c5272235
mechanicdb:v1:hd:part:3661|part|3661|mechanicdb:v1:hd:fix:9301|hd-procedure-0126|hd-part-0033|9c14d56b7b209a3eedda97d253023685
mechanicdb:v1:hd:part:3703|part|3703|mechanicdb:v1:hd:fix:9467|hd-procedure-0143|hd-part-0037|36353df4efe0fe6e8c457f0fae40c2bf
mechanicdb:v1:hd:part:3746|part|3746|mechanicdb:v1:hd:fix:9628|hd-procedure-0139|hd-part-0036|96a1d1a176dcfef809f99a71b2fa07c7
mechanicdb:v1:hd:part:3789|part|3789|mechanicdb:v1:hd:fix:9797|hd-procedure-0003|hd-part-0001|44a52b666e15019068d5c24f20b7b401
mechanicdb:v1:hd:part:3832|part|3832|mechanicdb:v1:hd:fix:9962|hd-procedure-0031|hd-part-0008|6de5e7a153c3c2ddccf0f685b7f7583a
mechanicdb:v1:hd:part:3880|part|3880|mechanicdb:v1:hd:fix:10122|hd-procedure-0356|hd-part-0095|ae357e947c33ecd8083170c6c6c3feeb
mechanicdb:v1:hd:part:3922|part|3922|mechanicdb:v1:hd:fix:10268|hd-procedure-0349|hd-part-0093|85869bd7d7c76648a172be77bc9b4e3f
mechanicdb:v1:hd:part:3966|part|3966|mechanicdb:v1:hd:fix:10438|hd-procedure-0865|hd-part-0263|30d6ab4c2d5a6dc03e6ba2be106c30b1
mechanicdb:v1:hd:part:3967|part|3967|mechanicdb:v1:hd:fix:10439|hd-procedure-0868|hd-part-0264|0874350a47ef6a2f3c0158c44856a738
mechanicdb:v1:hd:part:4011|part|4011|mechanicdb:v1:hd:fix:10606|hd-procedure-0786|hd-part-0228|205b870da9841f8111049ef4f71405ca
mechanicdb:v1:hd:part:4053|part|4053|mechanicdb:v1:hd:fix:10775|hd-procedure-0778|hd-part-0226|449c025a54b22944297cdbe5633bff0a
mechanicdb:v1:hd:part:4098|part|4098|mechanicdb:v1:hd:fix:10953|hd-procedure-0728|hd-part-0214|64a45d20eec08cac04f32ede285c5fe6
mechanicdb:v1:hd:part:4140|part|4140|mechanicdb:v1:hd:fix:11135|hd-procedure-0717|hd-part-0211|de7eed183c5dba5855bf749e9fdb3dca
mechanicdb:v1:hd:part:4182|part|4182|mechanicdb:v1:hd:fix:11303|hd-procedure-0717|hd-part-0211|5ce80ddc9004283d64211229b4509d1c
mechanicdb:v1:hd:part:4224|part|4224|mechanicdb:v1:hd:fix:11473|hd-procedure-0778|hd-part-0226|488a57fdd7f7c79c04733ffcbc67ceb8
mechanicdb:v1:hd:part:4266|part|4266|mechanicdb:v1:hd:fix:11642|hd-procedure-0700|hd-part-0207|efb15c59aa02d875adbcfaae91189f01
mechanicdb:v1:hd:part:4308|part|4308|mechanicdb:v1:hd:fix:11809|hd-procedure-0227|hd-part-0060|57ce0714a1415d26268d487d29cc8cf4
mechanicdb:v1:hd:part:4355|part|4355|mechanicdb:v1:hd:fix:11971|hd-procedure-0003|hd-part-0001|39c19cfa3deea393566cdb0f54b5e372
mechanicdb:v1:hd:part:4397|part|4397|mechanicdb:v1:hd:fix:12135|hd-procedure-0164|hd-part-0043|81ae3491b0df32a4fa8ad26a11371abe
mechanicdb:v1:hd:part:4443|part|4443|mechanicdb:v1:hd:fix:12292|hd-procedure-0849|hd-part-0255|16749ce83ff08ac0aab0dd67ef839eca
mechanicdb:v1:hd:part:4444|part|4444|mechanicdb:v1:hd:fix:12295|hd-procedure-0851|hd-part-0256|051796d1933e6f0bd0135a9235a005c2
mechanicdb:v1:hd:part:4488|part|4488|mechanicdb:v1:hd:fix:12462|hd-procedure-0325|hd-part-0087|0eb26ebb3798470478e14a0ba5d2aa83
mechanicdb:v1:hd:part:4530|part|4530|mechanicdb:v1:hd:fix:12626|hd-procedure-0325|hd-part-0087|47ca3c0e981265566fc28bbd2a33f7aa
mechanicdb:v1:hd:part:4572|part|4572|mechanicdb:v1:hd:fix:12793|hd-procedure-0184|hd-part-0048|6991527960fe16e5facb022dd142c166
mechanicdb:v1:hd:part:4614|part|4614|mechanicdb:v1:hd:fix:12960|hd-procedure-0018|hd-part-0005|06c88d004b5b9d2148c01a6037735215
mechanicdb:v1:hd:part:4656|part|4656|mechanicdb:v1:hd:fix:13120|hd-procedure-0010|hd-part-0003|46113982ecab4756d70cd10b92c02cc4
mechanicdb:v1:hd:part:4698|part|4698|mechanicdb:v1:hd:fix:13268|hd-procedure-0195|hd-part-0051|01ef14a3d4ff7869914b1231cfb71fe1
mechanicdb:v1:hd:part:4740|part|4740|mechanicdb:v1:hd:fix:13416|hd-procedure-0267|hd-part-0071|3cb2f2794c6c58487ff1f9efb15b53e0
mechanicdb:v1:hd:part:4795|part|4795|mechanicdb:v1:hd:fix:13580|hd-procedure-0601|hd-part-0180|4d98b046e7297661ae2535ceacb093fc
mechanicdb:v1:hd:part:4868|part|4868|mechanicdb:v1:hd:fix:13770|hd-procedure-0589|hd-part-0176|370a86260b207e9e4d2bd50df3643dd7
mechanicdb:v1:hd:part:4869|part|4869|mechanicdb:v1:hd:fix:13772|hd-procedure-0591|hd-part-0177|94cd63600947c7c599836e7a2706d786
mechanicdb:v1:hd:part:4952|part|4952|mechanicdb:v1:hd:fix:13975|hd-procedure-0580|hd-part-0172|9eedab01115426fe73ee68e948b2d555
mechanicdb:v1:hd:part:4953|part|4953|mechanicdb:v1:hd:fix:13976|hd-procedure-0581|hd-part-0173|3ba35d055198708f2c4369852186e760
mechanicdb:v1:hd:part:5036|part|5036|mechanicdb:v1:hd:fix:14178|hd-procedure-0580|hd-part-0172|1c92829acbf054f6bf7474dec617d029
mechanicdb:v1:hd:part:5037|part|5037|mechanicdb:v1:hd:fix:14179|hd-procedure-0581|hd-part-0173|b67f246de8a408cfaedc0be267c85107
mechanicdb:v1:hd:part:5090|part|5090|mechanicdb:v1:hd:fix:14356|hd-procedure-0594|hd-part-0178|95bf9fe2c7d53fc93503b832df0fce1b
mechanicdb:v1:hd:part:5134|part|5134|mechanicdb:v1:hd:fix:14516|hd-procedure-0647|hd-part-0193|0251f458cc71b83f0fda3dbc9dcd6c9f
mechanicdb:v1:hd:part:5176|part|5176|mechanicdb:v1:hd:fix:14679|hd-procedure-0809|hd-part-0236|251a276d4e94e7f20647f35f99eae92b
mechanicdb:v1:hd:part:5177|part|5177|mechanicdb:v1:hd:fix:14682|hd-procedure-0811|hd-part-0237|2ff0ac04d3f5bd194b2aa2510894c487
mechanicdb:v1:hd:part:5248|part|5248|mechanicdb:v1:hd:fix:14868|hd-procedure-0589|hd-part-0176|31c756c2139248b8a5cc74e809e178c8
mechanicdb:v1:hd:part:5249|part|5249|mechanicdb:v1:hd:fix:14870|hd-procedure-0591|hd-part-0177|8c7d07db9e5c82f7f612c559deff0ccc
mechanicdb:v1:hd:part:5332|part|5332|mechanicdb:v1:hd:fix:15078|hd-procedure-0589|hd-part-0176|ec06b8f2400c928c11d3d5fc8f66de6e
mechanicdb:v1:hd:part:5333|part|5333|mechanicdb:v1:hd:fix:15080|hd-procedure-0591|hd-part-0177|adb3378cea41e5f7cc358ab6fbefced7
mechanicdb:v1:hd:part:5408|part|5408|mechanicdb:v1:hd:fix:15279|hd-procedure-0601|hd-part-0180|7b3ca7c54bdca1b182094cfbef1e7d18
mechanicdb:v1:hd:part:5450|part|5450|mechanicdb:v1:hd:fix:15445|hd-procedure-0668|hd-part-0198|2fe7996564cf801c9a7d1c436d5b3d33
mechanicdb:v1:hd:part:5492|part|5492|mechanicdb:v1:hd:fix:15605|hd-procedure-0671|hd-part-0199|cfb8e7ec1576c101eb4f30a387dbc768
mechanicdb:v1:hd:part:5534|part|5534|mechanicdb:v1:hd:fix:15731|hd-procedure-0671|hd-part-0199|9febdebeec7f2ff6153c05bc42eec4c5
mechanicdb:v1:hd:part:5576|part|5576|mechanicdb:v1:hd:fix:15867|hd-procedure-0368|hd-part-0098|71a9f7465bb6d6a403680d15407045da
mechanicdb:v1:hd:part:5618|part|5618|mechanicdb:v1:hd:fix:16014|hd-procedure-0378|hd-part-0101|f49bbc647e41da9bbf4993492430d066
mechanicdb:v1:hd:part:5660|part|5660|mechanicdb:v1:hd:fix:16156|hd-procedure-0337|hd-part-0090|19619a48f38f7484b23e275a7fc1fbf6
mechanicdb:v1:hd:part:5702|part|5702|mechanicdb:v1:hd:fix:16320|hd-procedure-0184|hd-part-0048|0f3d8ee39eade9194d1014bd12f9c843
mechanicdb:v1:hd:part:5748|part|5748|mechanicdb:v1:hd:fix:16485|hd-procedure-0198|hd-part-0052|84086792efa5e20cf06b13871a38e958
mechanicdb:v1:hd:part:5796|part|5796|mechanicdb:v1:hd:fix:16651|hd-procedure-0349|hd-part-0093|ec6fedcf7ec8eef155a64ebca05e929d
mechanicdb:v1:hd:part:5841|part|5841|mechanicdb:v1:hd:fix:16800|hd-procedure-0224|hd-part-0059|33828d6c66b634cb4ef37c6c93552423
