spn|spn_name|is_proprietary|oem_make|system_category|source_count
29|Secondary accelerator pedal position sensor|0||Engine|7
33|Clutch actuator position sensor|0||Transmission|2
37|Transmission air supply pressure|0||Transmission|2
91|Accelerator pedal position sensor|0||Engine|8
94|Fuel delivery pressure sensor|0||Fuel|3
107|Air filter restriction sensor|0||Air Intake|3
110|Engine coolant temperature|0||Cooling|8
127|Transmission oil pressure|0||Transmission|2
154|ABS controller auxiliary I/O circuit|0||Brakes/ABS|1
160|Transmission countershaft speed|0||Transmission|2
174|Fuel temperature sensor|0||Fuel|7
177|Transmission oil temperature|0||Transmission|2
190|Engine speed (RPM) signal|0||Engine|8
191|Transmission output shaft speed|0||Transmission|4
560|Driveline engagement status|0||Transmission|2
583|Road grade (incline) sensor|0||Transmission|2
609|Transmission control module internal operation fault|0||Transmission|3
629|Engine control unit internal fault|0||Engine|11
630|Engine control module calibration/configuration fault|0||Engine|11
637|Engine camshaft/timing position sensor signal|0||Engine|5
653|Injector cylinder 3|0||Fuel|7
654|Injector cylinder 4|0||Fuel|7
704|Auxiliary I/O channel 4|0||Electrical|1
752|Secondary shift device signal|0||Transmission|2
768|Shift rail E, fore solenoid|0||Transmission|2
787|Transmission inertia brake solenoid|0||Transmission|2
790|Wheel speed sensor, steer axle right|0||Brakes/ABS|4
792|Wheel speed sensor, drive axle right|0||Brakes/ABS|4
793|Wheel speed sensor, additional axle left|0||Brakes/ABS|4
794|Wheel speed sensor, additional axle right|0||Brakes/ABS|4
800|ABS pressure modulator valve channel, additional axle right|0||Brakes/ABS|3
908|Rear axle 1, right wheel speed sensor|0||Brakes/ABS|2
935|ABS modulator valve, drive axle right hold solenoid|0||Brakes/ABS|1
1075|Electric fuel lift pump relay/circuit|0||Fuel|3
1139|Cylinder 3 exhaust temperature, left bank|0||Engine|1
1239|Common rail (fuel) pressure sensor|0||Fuel|2
1270|Ignition coil H primary circuit|0||Electrical|1
1325|Misfire condition, cylinder 3|0||Engine|2
1807|Steering angle sensor (SAS) circuit|0||Brakes/ABS|3
1846|Engine default torque limit|0||Engine|2
2011|Loss/invalid data from ABS control module|0||Network|1
2023|Electronic gauge cluster, tachometer sensor fault|0||Instrument|2
2630|EGR fresh air (inlet) temperature sensor|0||Engine|1
2971|EGR valve actuator motor coil circuit|0||Engine|1
3262|Oxygen sensor heater circuit, bank 2 sensor 1|0||Aftertreatment|1
3415|Door lock status signal|0||Body/Cab|1
3452|PTO 1 request signal|0||Transmission|2
3456|PTO 1 engage signal|0||Transmission|3
3460|PTO 1 engagement confirmation|0||Transmission|2
3510|ECU sensor supply voltage 2, out-of-range fault|0||Electrical|5
3516|DEF (urea) quality sensor, concentration error|0||Aftertreatment|1
3651|Primary automatic drive selector (ADS) signal|0||Transmission|2
3656|Transmission secondary shift-down selector|0||Transmission|2
3822|EGR valve 2 position sensor|0||Engine|1
4046|Transfer case status (general fault)|0||Transmission|1
4056|Two-speed axle switch|0||Transmission|2
4218|Shift rail A position sensor|0||Transmission|1
4219|Shift rail B position sensor|0||Transmission|2
4220|Shift rail C position sensor|0||Transmission|2
4241|Oxygen sensor response time, bank 2 sensor 1|0||Aftertreatment|1
5425|Parameter 5425 (role not stated by the OEM tables)|0||Engine|1
5614|Clutch engage solenoid 1|0||Transmission|2
5616|Clutch release solenoid 1|0||Transmission|2
5900|Shift rail A, fore solenoid|0||Transmission|1
5902|Shift rail C, fore solenoid|0||Transmission|2
5903|Shift rail D, fore solenoid|0||Transmission|2
5909|Shift rail B, aft solenoid|0||Transmission|2
5941|Shift rail D position sensor|0||Transmission|2
5942|Shift rail E position sensor|0||Transmission|2
5954|Shift rail D calibration|0||Transmission|2
6145|Shift rail B operation status|0||Transmission|2
6147|Shift rail D operation status|0||Transmission|2
6150|Transmission clutch operation status|0||Transmission|2
7695|Force-hold neutral input signal|0||Transmission|2
11756|TSC1 control message source address (purpose P7)|0||Network|2
20870|Primary automatic drive selector (ADS) operation status|0||Transmission|2
518280|Buzzer output circuit|0|Yanmar|Instrument|1
520210|ESC module CAN link / mounting configuration fault|1|WABCO|Brakes/ABS|2
520488|Remote power module 2, channel 5 output|1|Navistar|Electrical|1
520504|Remote power module 4, channel 1 output|1|Navistar|Electrical|1
520504|Wheel-speed plausibility, axle 2 right|1|WABCO|Brakes/ABS|1
520511|Remote power module 4, channel 4 output|1|Navistar|Electrical|1
520511|Wheel-speed plausibility, axle 6 left|1|WABCO|Brakes/ABS|1
520523|Auxiliary output solenoid ground circuit|1|WABCO|Brakes/ABS|1
520552|TEM auxiliary 1 interlock switch input|1|Navistar|Body/Cab|1
520589|TEM dual switch 1 input|1|Navistar|Body/Cab|1
520734|Front driveline engagement circuit|1|Navistar|Transmission|1
520871|Blackout lighting ignition relay 1 circuit|1|Navistar|Body/Cab|1
523100|Safety monitor, wheel-speed calculation|1|WABCO|Brakes/ABS|1
523557|DEF hose heater, H-side circuit|1|Yanmar|Aftertreatment|1
523596|SCR downstream NOx sensor internal circuit|1|Yanmar|Aftertreatment|1
524270|EEPROM parameter block 1 checksum fault|1|WABCO|Electrical|1
524271|EEPROM parameter block 2 checksum fault|1|WABCO|Electrical|1
