fault_id|spn|fmi|oem_make|oem_code|controller|short_description|fault_family|detailed_technical_explanation|source_id|source_url|source_page|source_doc
1|154|13|Bendix|12-23|ABS/ESC|ABS controller auxiliary I/O channel 2 or 3 reads shorted high|hdb_auxiliary_output_solenoid_circuit|SPN 154 (ABS controller auxiliary I/O circuit) with FMI 13 (Calibration data outside limits) is set by the ABS/ESC on a configurable auxiliary output driver -- wired at the factory to a differential lock, transfer case, trailer, or a general-purpose 3/2 valve solenoid -- when that output circuit reads shorted to voltage or ground, open, or does not match its parameter-set configuration. Diagnosis follows the wiring for whichever solenoid the output is assigned to on this vehicle.|bendix_sd134983|https://www.bendixvrc.com/itemDisplay.asp?documentID=6722||SD-13-4983 EC-80 ABS/ATC service data sheet (2014)
43|630|13|Bendix|13-18|ABS/ESC|ABS controller internal fault, diagnostic code CC|hdb_ecu_internal|SPN 630 (Engine control module calibration/configuration fault) with FMI 13 (Calibration data outside limits) is set by the ABS/ESC for an internal fault -- a failed self-check, a lost link between the ECU's main and safety processing cores (or an add-on ESC module), a corrupted internal message, or another device-level condition the ECU cannot attribute to an external circuit. These are not driver-repairable; they are handled with a diagnostic tool and, if the fault repeats, ECU replacement.|bendix_sd134983|https://www.bendixvrc.com/itemDisplay.asp?documentID=6722||SD-13-4983 EC-80 ABS/ATC service data sheet (2014)
85|790|8|Bendix|3-6|ABS/ESC|Wheel speed sensor, steer axle right, signal erratic|hdb_wheel_speed_signal_erratic|SPN 790 (Wheel speed sensor, steer axle right) with FMI 8 (Wrong frequency, pulse width or period) is set by the ABS/ESC when a wheel-speed signal is plausible in amplitude but behaves erratically -- chattering, jumping, arriving at the wrong update rate, or disagreeing with the other wheels on the axle, including a sensor pair wired in reverse or an output too low at drive-off. Typical causes are a damaged or debris-packed tone ring, a loose sensor, mismatched tire sizes on an axle, or a mis-wired sensor after a service.|bendix_sd134983|https://www.bendixvrc.com/itemDisplay.asp?documentID=6722||SD-13-4983 EC-80 ABS/ATC service data sheet (2014)
127|793|10|Bendix|14-4|ABS/ESC|Wheel speed sensor, additional axle left, signal lost|hdb_wheel_speed_signal_erratic|SPN 793 (Wheel speed sensor, additional axle left) with FMI 10 (Value changing implausibly fast or slow) is set by the ABS/ESC when a wheel-speed signal is plausible in amplitude but behaves erratically -- chattering, jumping, arriving at the wrong update rate, or disagreeing with the other wheels on the axle, including a sensor pair wired in reverse or an output too low at drive-off. Typical causes are a damaged or debris-packed tone ring, a loose sensor, mismatched tire sizes on an axle, or a mis-wired sensor after a service.|bendix_sd134983|https://www.bendixvrc.com/itemDisplay.asp?documentID=6722||SD-13-4983 EC-80 ABS/ATC service data sheet (2014)
169|800|5|Bendix||ABS/ESC|Pressure modulator valve, additional axle right, hold solenoid open circuit|hdb_abs_modulator_valve|SPN 800 (ABS pressure modulator valve channel, additional axle right) with FMI 5 (Current too low; open circuit) is set by the ABS/ESC when an ABS pressure-modulator valve solenoid circuit -- the hold or release coil, or the shared common return -- reads shorted, open, or has exceeded its expected duty-cycle life. The fault points to the solenoid coil, its wiring back to the ECU, or the modulator valve body itself.|bendix_sd134869|https://www.bendixvrc.com/itemDisplay.asp?documentID=6735||SD-13-4869 EC-60 ABS/ATC/ESP service data sheet (2013)
211|935|5|Bendix|10-6|ABS/ESC|Pressure modulator valve, drive axle right, hold solenoid open circuit|hdb_abs_modulator_valve|SPN 935 (ABS modulator valve, drive axle right hold solenoid) with FMI 5 (Current too low; open circuit) is set by the ABS/ESC when an ABS pressure-modulator valve solenoid circuit -- the hold or release coil, or the shared common return -- reads shorted, open, or has exceeded its expected duty-cycle life. The fault points to the solenoid coil, its wiring back to the ECU, or the modulator valve body itself.|bendix_sd134983|https://www.bendixvrc.com/itemDisplay.asp?documentID=6722||SD-13-4983 EC-80 ABS/ATC service data sheet (2014)
253|1807|13|Bendix||ABS/ESC|Steering angle sensor calibration in progress|hdb_steering_angle_sensor|SPN 1807 (Steering angle sensor (SAS) circuit) with FMI 13 (Calibration data outside limits) is set by the ABS/ESC when the steering-angle sensor (SAS) that feeds the stability control system reads out of range, times out on the data link, or has not finished its self-calibration. Causes range from a disconnected or misaligned sensor to a needed re-calibration after front-end or steering work.|bendix_sd134869|https://www.bendixvrc.com/itemDisplay.asp?documentID=6735||SD-13-4869 EC-60 ABS/ATC/ESP service data sheet (2013)
295|174|16|Caterpillar|174-16|Engine ECU|Fuel temperature reading moderately above normal range|hde_fuel_temp_sensor|SPN 174 (Fuel temperature sensor) with FMI 16 (Moderately above normal range) is set by the Engine ECU when the fuel temperature sensor signal leaves its plausible window or the sensor circuit reads open, shorted or erratic. Typical causes are a failed sensor, corroded connector pins, chafed harness wiring, or a genuine underlying system condition the sensor is correctly reporting.|cat_c10882888|https://s7d2.scene7.com/is/content/Caterpillar/C10882888|57|1200 Series marine auxiliary engines troubleshooting guide
337|91|4|Cummins|551|Engine ECU|Accelerator pedal idle validation circuit reads low (shorted to ground)|hde_throttle_pedal|SPN 91 (Accelerator pedal position sensor) with FMI 4 (Circuit voltage low / short to ground) is set by the Engine ECU when the accelerator pedal position sensor signal is missing, out of range or implausible relative to the engine's other timing references. Typical causes are a failed sensor, an incorrect air gap, connector corrosion, chafed wiring, or damage to the toothed wheel the sensor reads.|cummins_a042j565|https://mart.cummins.com/imagelibrary/data/assetfiles/0056191.pdf|101|A042J565 fire pump drive engine IOM, fault code charts
379|110|3|Cummins||Engine ECU|Engine coolant temperature sensor circuit reads high (shorted to supply)|hde_coolant_temp_sensor|SPN 110 (Engine coolant temperature) with FMI 3 (Circuit voltage high / short to supply) is set by the Engine ECU when the engine coolant temperature sensor signal leaves its plausible window or the sensor circuit reads open, shorted or erratic. Typical causes are a failed sensor, corroded connector pins, chafed harness wiring, or a genuine underlying system condition the sensor is correctly reporting.|cummins_mddca|https://www.cummins.com/sites/default/files/2024-07/cummins-onan-manual-marlin.pdf|84|Onan marine generator MDDCA operator manual
421|609|2|Cummins|184|Engine ECU|Transmission control module reports an implausible internal operation state|hde_ecu_internal|SPN 609 (Transmission control module internal operation fault) with FMI 2 (Signal unstable, intermittent or implausible) is set by the Engine ECU when it detects an internal fault in its own memory, software or supply. Typical causes are a corrupted calibration, a power/ground fault at the ECU connector, or, rarely, a failed ECU that needs dealer replacement and reprogramming.|cummins_a042j565|https://mart.cummins.com/imagelibrary/data/assetfiles/0056191.pdf||A042J565 fire pump drive engine IOM, fault code charts
463|654|6|Cummins|321|Engine ECU|Injector solenoid, cylinder 4, circuit shorted to ground|hde_injector_cylinder_circuit|SPN 654 (Injector cylinder 4) with FMI 6 (Current too high; short to ground) is set by the Engine ECU when the fuel injector driver circuit reads an abnormal current, resistance or calibration value. Typical causes are a failed injector coil/solenoid, a chafed or corroded driver circuit, or an injector trim code that was not carried over after replacement.|cummins_a042j565|https://mart.cummins.com/imagelibrary/data/assetfiles/0056191.pdf|98|A042J565 fire pump drive engine IOM, fault code charts
505|1139|0|Cummins|643|Engine ECU|Cylinder 3 exhaust temperature, left bank, far above normal|hde_cylinder_misfire|SPN 1139 (Cylinder 3 exhaust temperature, left bank) with FMI 0 (Reading in-range but far too high) is set by the Engine ECU when the cylinder misfire/power-balance monitor fails to reach or hold the commanded position/pressure. Typical causes are a sticking or contaminated valve, a failed valve body, or an upstream system-pressure problem.|cummins_a042j565|https://mart.cummins.com/imagelibrary/data/assetfiles/0056191.pdf|101|A042J565 fire pump drive engine IOM, fault code charts
547|1325|0|Cummins|663|Engine ECU|Cylinder 3 power, left bank, far above normal|hde_cylinder_misfire|SPN 1325 (Misfire condition, cylinder 3) with FMI 0 (Reading in-range but far too high) is set by the Engine ECU when the cylinder misfire/power-balance monitor fails to reach or hold the commanded position/pressure. Typical causes are a sticking or contaminated valve, a failed valve body, or an upstream system-pressure problem.|cummins_a042j565|https://mart.cummins.com/imagelibrary/data/assetfiles/0056191.pdf|102|A042J565 fire pump drive engine IOM, fault code charts
589|33|6|Eaton|250|Transmission|Clutch actuator position sensor circuit shorted to ground, current too high|hdt_clutch_actuator|SPN 33 (Clutch actuator position sensor) with FMI 6 (Current too high; short to ground) is set by the Transmission when the Linear Clutch Actuator's position feedback or drive circuit reports an out-of-range, erratic, shorted or open condition, or the TECU cannot verify the clutch reached its commanded position. Typical causes are a worn or contaminated LCA position sensor, a failed actuator motor or drive circuit, a sticking clutch linkage, or a clutch touch-point calibration that has drifted out of limits.|eaton_trts0950|https://productinfo.serviceranger4.com/books/TRTS0950/lang/en-us/section/TS0950FCIndex|Fault Code 250: Linear Clutch Actuator (LCA) Position Sensor|TRTS0950 Endurant HD fault code index
631|37|18|Eaton|215|Transmission|Transmission air supply pressure reading moderately below the normal range|hdt_air_supply_pressure_sensor|SPN 37 (Transmission air supply pressure) with FMI 18 (Moderately below normal range) is set by the Transmission when the shop-air supply pressure signal feeding the transmission's shift actuators leaves its plausible range, changes implausibly fast, or the sensor circuit reads open, shorted or erratic. The Endurant's shift rails, clutch actuator and PTO solenoids all depend on this supply, so a genuine low-air condition (below roughly 100 psi at the TECU air pack) will also disrupt shifting.|eaton_trts0950|https://productinfo.serviceranger4.com/books/TRTS0950/lang/en-us/section/TS0950FCIndex|Fault Code 215: Transmission Air Supply Pressure Sensor|TRTS0950 Endurant HD fault code index
673|127|1|Eaton|210|Transmission|Transmission oil pressure reading below the normal range|hdt_oil_pressure_lube_pump|SPN 127 (Transmission oil pressure) with FMI 1 (Reading in-range but far too low) is set by the Transmission when the transmission oil pressure signal reads below its plausible range, drifts, or the sensor circuit is open, shorted or out of calibration. Causes range from a failed pressure sensor to a genuine low-lubrication condition (low fluid, a clogged filter or a worn lube pump), which risks bearing and gear damage if not resolved.|eaton_trts0960|https://productinfo.serviceranger4.com/books/TRTS0960/lang/en-us/section/TS0960FCIndex|Fault Code 210: Transmission Oil Pressure (Fluid Pressure Sensor)|TRTS0960 Endurant XD fault code index
715|160|21|Eaton|370|Transmission|Transmission countershaft speed value drifting downward over time|hdt_countershaft_speed_sensor|SPN 160 (Transmission countershaft speed) with FMI 21 (Value has drifted downward over time) is set by the Transmission when the countershaft speed sensor signal is erratic, out of frequency, drifting, below its plausible range, or reads an open/shorted circuit. This sensor is used for clutchless shift timing and synchronizer protection.|eaton_trts0960|https://productinfo.serviceranger4.com/books/TRTS0960/lang/en-us/section/TS0960FCIndex|Fault Code 370: Countershaft Speed|TRTS0960 Endurant XD fault code index
757|177|6|Eaton|212|Transmission|Transmission oil temperature circuit shorted to ground, current too high|hdt_transmission_oil_temp|SPN 177 (Transmission oil temperature) with FMI 6 (Current too high; short to ground) is set by the Transmission when the transmission fluid temperature signal leaves its plausible window, changes implausibly fast, or the sensor circuit reads open, shorted or erratic. Causes range from a failed thermistor or chafed harness to a genuine overheating condition (low fluid, a restricted cooler or heavy duty cycle).|eaton_trts0950|https://productinfo.serviceranger4.com/books/TRTS0950/lang/en-us/section/TS0950FCIndex|Fault Code 212: Transmission Oil Temperature (Fluid Temperature Sensor)|TRTS0950 Endurant HD fault code index
799|191|20|Eaton|375|Transmission|Transmission output shaft speed value drifting upward over time|hdt_output_shaft_speed_sensor|SPN 191 (Transmission output shaft speed) with FMI 20 (Value has drifted upward over time) is set by the Transmission when the output shaft speed sensor signal is erratic, out of frequency, drifting, reads an open/shorted circuit, or the TECU cannot determine a plausible value from it. This sensor is used for road speed and shift confirmation.|eaton_trts0950|https://productinfo.serviceranger4.com/books/TRTS0950/lang/en-us/section/TS0950FCIndex|Fault Code 375: Output Speed|TRTS0950 Endurant HD fault code index
841|560|2|Eaton|702|Transmission|Driveline engagement status: signal erratic or implausible|hdt_clutch_engagement_status|SPN 560 (Driveline engagement status) with FMI 2 (Signal unstable, intermittent or implausible) is set by the Transmission when it cannot confirm the clutch or the overall driveline reached the engagement state it commanded, or the confirmation logic behaves erratically or drifts from the expected timing. This points to a genuine mechanical engagement problem (slipping clutch, worn synchronizers, low actuation pressure) rather than a single sensor fault, so treat it as a system-level confirmation issue.|eaton_trts0960|https://productinfo.serviceranger4.com/books/TRTS0960/lang/en-us/section/TS0960FCIndex|Fault Code 702: Driveline Engagement|TRTS0960 Endurant XD fault code index
883|583|13|Eaton|385|Transmission|Road grade (incline) sensor stored calibration values are out of range|hdt_grade_inclination_sensor|SPN 583 (Road grade (incline) sensor) with FMI 13 (Calibration data outside limits) is set by the Transmission when the grade/inclination sensor used for grade-based shift scheduling reads erratic, out of frequency, changing implausibly fast, drifting, a device or calibration fault, or its value arrives flagged as a network error. The TECU diagnoses this sensor directly rather than only relaying it, so mounting/orientation and calibration are in scope alongside the wiring and network checks.|eaton_trts0950|https://productinfo.serviceranger4.com/books/TRTS0950/lang/en-us/section/TS0950FCIndex|Fault Code 385: Grade Sensor|TRTS0950 Endurant HD fault code index
925|609|9|Eaton|205|Transmission|Transmission control module internal operation fault not reported at the expected rate|hdt_tecu_internal|SPN 609 (Transmission control module internal operation fault) with FMI 9 (Message not arriving at expected rate) is an internal TECU self-check or watchdog fault, set when the module's own operation is outside its expected range, timing or state. It is not tied to a single external circuit, so rule out power, ground and network faults first before treating it as a module problem.|eaton_trts0950|https://productinfo.serviceranger4.com/books/TRTS0950/lang/en-us/section/TS0950FCIndex|Fault Code 205: TCM Operation 2|TRTS0950 Endurant HD fault code index
967|629|31|Eaton|200|Transmission|Engine control unit internal fault logged with no further diagnostic detail available|hdt_tecu_internal|SPN 629 (Engine control unit internal fault) with FMI 31 (Fault present; no further detail) is an internal TECU self-check or watchdog fault, set when the module's own operation is outside its expected range, timing or state. It is not tied to a single external circuit, so rule out power, ground and network faults first before treating it as a module problem.|eaton_trts0960|https://productinfo.serviceranger4.com/books/TRTS0960/lang/en-us/section/TS0960FCIndex|Fault Code 200: TCM Operation 1|TRTS0960 Endurant XD fault code index
1009|752|4|Eaton|145|Transmission|Secondary shift device signal circuit voltage low (shorted to ground)|hdt_shift_lever_selector|SPN 752 (Secondary shift device signal) with FMI 4 (Circuit voltage low / short to ground) is set by the Transmission when the shift lever or multiplexed shift-selector device reports an electrical fault, an implausible or erratic signal, or a message that is not arriving at the expected rate.|eaton_trts0950|https://productinfo.serviceranger4.com/books/TRTS0950/lang/en-us/section/TS0950FCIndex|Fault Code 145: Secondary Shift Device (PWM)|TRTS0950 Endurant HD fault code index
1051|768|16|Eaton|646|Transmission|Shift rail E, fore solenoid circuit current moderately above the normal range|hdt_rail_select_solenoid|SPN 768 (Shift rail E, fore solenoid) with FMI 16 (Moderately above normal range) is set by the Transmission when one of the X-Y shift rail fore/aft solenoids reads an electrical fault (open, short, out-of-range) or fails to move the rail as commanded, preventing the TECU from selecting or confirming the requested gear.|eaton_trts0950|https://productinfo.serviceranger4.com/books/TRTS0950/lang/en-us/section/TS0950FCIndex|Fault Code 646: Rail E Fore Solenoid (A6)|TRTS0950 Endurant HD fault code index
1093|787|7|Eaton|570|Transmission|Transmission inertia brake solenoid not moving to the commanded position|hdt_inertia_brake_solenoid|SPN 787 (Transmission inertia brake solenoid) with FMI 7 (Mechanical part not reacting or misadjusted) is set by the Transmission when the driveline inertia brake solenoid, used to slow the countershaft for clutchless upshifts, reads an electrical fault, an out-of-range response, or fails a calibration check.|eaton_trts0950|https://productinfo.serviceranger4.com/books/TRTS0950/lang/en-us/section/TS0950FCIndex|Fault Code 570: Inertia Brake Solenoid (A5)|TRTS0950 Endurant HD fault code index
1135|908|13|Eaton|193|Transmission|Rear axle 1, right wheel speed sensor stored calibration values are out of range|hdn_received_brake_abs_data|SPN 908 (Rear axle 1, right wheel speed sensor) with FMI 13 (Calibration data outside limits) is set by the Transmission when a value the brake or ABS/ESC system broadcasts on J1939 -- a wheel speed, a brake pressure, a brake/hill-holder switch state, ABS/ASR status, or an external brake request (XBR) -- stops arriving at the expected rate, fails validation, or is out of the receiving controller's calibrated range. The Transmission only receives this value over the network rather than measuring it directly, so the fault is a link problem until the brake/ABS system's own diagnostics say otherwise: check the ABS/ESC controller for its own active codes and confirm it is still transmitting before assuming the Transmission itself has failed.|eaton_trts0960|https://productinfo.serviceranger4.com/books/TRTS0960/lang/en-us/section/TS0960FCIndex|Fault Code 193: Rear Axle 1 Right Wheel Speed|TRTS0960 Endurant XD fault code index
1177|1846|12|Eaton|174|Transmission|Engine default torque limit reported by the module as internally defective|hdn_received_engine_data|SPN 1846 (Engine default torque limit) with FMI 12 (Smart device or component defective) is set by the Transmission when a value the engine control system broadcasts on J1939 -- engine speed, torque, accelerator pedal position, an idle/torque limit, or an engine configuration message -- stops arriving at the expected rate, fails validation, or is out of the receiving controller's calibrated range. The Transmission only receives this value over the network rather than measuring it directly, so the fault is a link problem until the engine ECU's own diagnostics say otherwise: check the engine ECU for its own active codes and confirm it is still transmitting before assuming the Transmission itself has failed.|eaton_trts0960|https://productinfo.serviceranger4.com/books/TRTS0960/lang/en-us/section/TS0960FCIndex|Fault Code 174: Engine Default Torque Limit|TRTS0960 Endurant XD fault code index
1219|3452|12|Eaton|900|Transmission|PTO 1 request signal reported by the module as internally defective|hdt_pto_request_switch|SPN 3452 (PTO 1 request signal) with FMI 12 (Smart device or component defective) is set by the Transmission when the driver's PTO request input (a dash switch or multiplexed request) reads a circuit fault, a calibration issue, or a message that is not arriving at the expected rate.|eaton_trts0960|https://productinfo.serviceranger4.com/books/TRTS0960/lang/en-us/section/TS0960FCIndex|Fault Code 900: PTO 1 Request|TRTS0960 Endurant XD fault code index
1261|3456|6|Eaton|910|Transmission|PTO 1 engage signal circuit shorted to ground, current too high|hdt_pto_engage_solenoid|SPN 3456 (PTO 1 engage signal) with FMI 6 (Current too high; short to ground) is set by the Transmission when the PTO engagement air solenoid reads an electrical fault (open, short, out-of-range) or the PTO fails to mechanically engage as commanded.|eaton_trts0960|https://productinfo.serviceranger4.com/books/TRTS0960/lang/en-us/section/TS0960FCIndex|Fault Code 910: PTO 1 Engage|TRTS0960 Endurant XD fault code index
1303|3460|9|Eaton|920|Transmission|PTO 1 engagement confirmation message not received at the expected rate|hdt_pto_confirm_sensor|SPN 3460 (PTO 1 engagement confirmation) with FMI 9 (Message not arriving at expected rate) is set by the Transmission when the sensor/switch that confirms the PTO has actually engaged reports a circuit fault, a drifting calibration, a message that is not arriving at the expected rate, or a mechanical condition where the PTO never reaches the confirmed position.|eaton_trts0960|https://productinfo.serviceranger4.com/books/TRTS0960/lang/en-us/section/TS0960FCIndex|Fault Code 920: PTO 1 Confirm|TRTS0960 Endurant XD fault code index
1345|3651|9|Eaton|122|Transmission|Primary automatic drive selector (ADS) signal message not received at the expected rate|hdn_received_ads_cruise_data|SPN 3651 (Primary automatic drive selector (ADS) signal) with FMI 9 (Message not arriving at expected rate) is set by the Transmission when a value from the cruise control or Automated Driving System (ADS) stops arriving at the expected rate or fails validation -- a primary/secondary ADS command, an ADS operation-status report, or a cruise resume/pause command. The Transmission only receives this value over the network rather than generating it directly, so the fault is a link problem until the sending controller's own diagnostics say otherwise: check the ADS/cruise source controller for its own active codes and confirm it is still transmitting before assuming the Transmission itself has failed.|eaton_trts0950|https://productinfo.serviceranger4.com/books/TRTS0950/lang/en-us/section/TS0950FCIndex|Fault Code 122: Primary ADS|TRTS0950 Endurant HD fault code index
1387|3656|2|Eaton|144|Transmission|Transmission secondary shift-down selector signal erratic or implausible|hdt_shift_lever_selector|SPN 3656 (Transmission secondary shift-down selector) with FMI 2 (Signal unstable, intermittent or implausible) is set by the Transmission when the shift lever or multiplexed shift-selector device reports an electrical fault, an implausible or erratic signal, or a message that is not arriving at the expected rate.|eaton_trts0950|https://productinfo.serviceranger4.com/books/TRTS0950/lang/en-us/section/TS0950FCIndex|Fault Code 144: Transmission Secondary Shift Down Selector|TRTS0950 Endurant HD fault code index
1429|4056|13|Eaton|986|Transmission|Two-speed axle switch stored calibration values are out of range|hdt_two_speed_axle_control|SPN 4056 (Two-speed axle switch) with FMI 13 (Calibration data outside limits) is set by the Transmission when the driver's two-speed axle range switch, routed through the TECU, reads a circuit fault, a calibration issue, or the confirmation status message the TECU reports for it is not arriving at the expected rate.|eaton_trts0960|https://productinfo.serviceranger4.com/books/TRTS0960/lang/en-us/section/TS0960FCIndex|Fault Code 986: Two Speed Axle Switch|TRTS0960 Endurant XD fault code index
1471|4218|9|Eaton|255|Transmission|Shift rail A position sensor message not received at the expected rate|hdt_rail_position_sensor|SPN 4218 (Shift rail A position sensor) with FMI 9 (Message not arriving at expected rate) is set by the Transmission when a shift rail position sensor reads out of range, erratic, drifting, or an open/shorted circuit, so the TECU cannot confirm which rail position (gear) is actually selected.|eaton_trts0960|https://productinfo.serviceranger4.com/books/TRTS0960/lang/en-us/section/TS0960FCIndex|Fault Code 255: Rail A Position|TRTS0960 Endurant XD fault code index
1513|4219|20|Eaton|275|Transmission|Shift rail B position sensor value drifting upward over time|hdt_rail_position_sensor|SPN 4219 (Shift rail B position sensor) with FMI 20 (Value has drifted upward over time) is set by the Transmission when a shift rail position sensor reads out of range, erratic, drifting, or an open/shorted circuit, so the TECU cannot confirm which rail position (gear) is actually selected.|eaton_trts0960|https://productinfo.serviceranger4.com/books/TRTS0960/lang/en-us/section/TS0960FCIndex|Fault Code 275: Rail B Position|TRTS0960 Endurant XD fault code index
1555|4220|21|Eaton|295|Transmission|Shift rail C position sensor value drifting downward over time|hdt_rail_position_sensor|SPN 4220 (Shift rail C position sensor) with FMI 21 (Value has drifted downward over time) is set by the Transmission when a shift rail position sensor reads out of range, erratic, drifting, or an open/shorted circuit, so the TECU cannot confirm which rail position (gear) is actually selected.|eaton_trts0960|https://productinfo.serviceranger4.com/books/TRTS0960/lang/en-us/section/TS0960FCIndex|Fault Code 295: Rail C Position|TRTS0960 Endurant XD fault code index
1597|5614|10|Eaton|511|Transmission|Clutch engage solenoid 1 drive current's rate of change outside plausible limits|hdt_clutch_engage_release_solenoid|SPN 5614 (Clutch engage solenoid 1) with FMI 10 (Value changing implausibly fast or slow) is set by the Transmission when one of the clutch engage or release solenoids reads an open circuit, a short to power or ground, an out-of-range coil resistance, or fails to respond at the commanded frequency. These solenoids meter shop air to the clutch actuator, so an electrical fault here directly stops clutch engagement or release.|eaton_trts0960|https://productinfo.serviceranger4.com/books/TRTS0960/lang/en-us/section/TS0960FCIndex|Fault Code 511: Clutch Engage Solenoid 1 (C4) – Coarse Vent|TRTS0960 Endurant XD fault code index
1639|5616|7|Eaton|513|Transmission|Clutch release solenoid 1 not moving to the commanded position|hdt_clutch_engage_release_solenoid|SPN 5616 (Clutch release solenoid 1) with FMI 7 (Mechanical part not reacting or misadjusted) is set by the Transmission when one of the clutch engage or release solenoids reads an open circuit, a short to power or ground, an out-of-range coil resistance, or fails to respond at the commanded frequency. These solenoids meter shop air to the clutch actuator, so an electrical fault here directly stops clutch engagement or release.|eaton_trts0960|https://productinfo.serviceranger4.com/books/TRTS0960/lang/en-us/section/TS0960FCIndex|Fault Code 513: Clutch Release Solenoid 1 (C5) – Coarse Fill|TRTS0960 Endurant XD fault code index
1681|5900|16|Eaton|576|Transmission|Shift rail A, fore solenoid circuit current moderately above the normal range|hdt_rail_select_solenoid|SPN 5900 (Shift rail A, fore solenoid) with FMI 16 (Moderately above normal range) is set by the Transmission when one of the X-Y shift rail fore/aft solenoids reads an electrical fault (open, short, out-of-range) or fails to move the rail as commanded, preventing the TECU from selecting or confirming the requested gear.|eaton_trts0960|https://productinfo.serviceranger4.com/books/TRTS0960/lang/en-us/section/TS0960FCIndex|Fault Code 576: Rail A Fore Solenoid (A3)|TRTS0960 Endurant XD fault code index
1723|5902|7|Eaton|616|Transmission|Shift rail C, fore solenoid not moving to the commanded position|hdt_rail_select_solenoid|SPN 5902 (Shift rail C, fore solenoid) with FMI 7 (Mechanical part not reacting or misadjusted) is set by the Transmission when one of the X-Y shift rail fore/aft solenoids reads an electrical fault (open, short, out-of-range) or fails to move the rail as commanded, preventing the TECU from selecting or confirming the requested gear.|eaton_trts0950|https://productinfo.serviceranger4.com/books/TRTS0950/lang/en-us/section/TS0950FCIndex|Fault Code 616: Rail C Fore Solenoid (C1)|TRTS0950 Endurant HD fault code index
1765|5903|17|Eaton|636|Transmission|Shift rail D, fore solenoid circuit current slightly below the normal range|hdt_rail_select_solenoid|SPN 5903 (Shift rail D, fore solenoid) with FMI 17 (Slightly below normal range) is set by the Transmission when one of the X-Y shift rail fore/aft solenoids reads an electrical fault (open, short, out-of-range) or fails to move the rail as commanded, preventing the TECU from selecting or confirming the requested gear.|eaton_trts0950|https://productinfo.serviceranger4.com/books/TRTS0950/lang/en-us/section/TS0950FCIndex|Fault Code 636: Rail D Fore Solenoid (C2)|TRTS0950 Endurant HD fault code index
1807|5909|31|Eaton|597|Transmission|Shift rail B, aft solenoid logged with no further diagnostic detail available|hdt_rail_select_solenoid|SPN 5909 (Shift rail B, aft solenoid) with FMI 31 (Fault present; no further detail) is set by the Transmission when one of the X-Y shift rail fore/aft solenoids reads an electrical fault (open, short, out-of-range) or fails to move the rail as commanded, preventing the TECU from selecting or confirming the requested gear.|eaton_trts0960|https://productinfo.serviceranger4.com/books/TRTS0960/lang/en-us/section/TS0960FCIndex|Fault Code 597: Rail B Aft Solenoid (A1)|TRTS0960 Endurant XD fault code index
1849|5941|2|Eaton|315|Transmission|Shift rail D position sensor signal erratic or implausible|hdt_rail_position_sensor|SPN 5941 (Shift rail D position sensor) with FMI 2 (Signal unstable, intermittent or implausible) is set by the Transmission when a shift rail position sensor reads out of range, erratic, drifting, or an open/shorted circuit, so the TECU cannot confirm which rail position (gear) is actually selected.|eaton_trts0960|https://productinfo.serviceranger4.com/books/TRTS0960/lang/en-us/section/TS0960FCIndex|Fault Code 315: Rail D Position|TRTS0960 Endurant XD fault code index
1891|5942|3|Eaton|320|Transmission|Shift rail E position sensor circuit voltage high (shorted to supply)|hdt_rail_position_sensor|SPN 5942 (Shift rail E position sensor) with FMI 3 (Circuit voltage high / short to supply) is set by the Transmission when a shift rail position sensor reads out of range, erratic, drifting, or an open/shorted circuit, so the TECU cannot confirm which rail position (gear) is actually selected.|eaton_trts0960|https://productinfo.serviceranger4.com/books/TRTS0960/lang/en-us/section/TS0960FCIndex|Fault Code 320: Rail E Position|TRTS0960 Endurant XD fault code index
1933|5954|7|Eaton|788|Transmission|Shift rail D calibration procedure not completing or producing an implausible value|hdt_rail_calibration|SPN 5954 (Shift rail D calibration) with FMI 7 (Mechanical part not reacting or misadjusted) is set by the Transmission when a shift rail's stored calibration end-points have drifted out of limits, or a mechanical condition prevents the rail from completing its calibration stroke.|eaton_trts0950|https://productinfo.serviceranger4.com/books/TRTS0950/lang/en-us/section/TS0950FCIndex|Fault Code 788: Rail D Calibration|TRTS0950 Endurant HD fault code index
1975|6145|18|Eaton|740|Transmission|Shift rail B operation status: reading moderately below the normal range|hdt_rail_operation_fault|SPN 6145 (Shift rail B operation status) with FMI 18 (Moderately below normal range) is set by the Transmission when a shift rail does not reach or hold the commanded position within the expected time or range, indicating a mechanical shift-quality problem (binding synchronizer, worn shift fork, low air pressure) rather than a wiring fault.|eaton_trts0950|https://productinfo.serviceranger4.com/books/TRTS0950/lang/en-us/section/TS0950FCIndex|Fault Code 740: Rail B Operation|TRTS0950 Endurant HD fault code index
2017|6147|15|Eaton|775|Transmission|Shift rail D operation status: reading slightly above the normal range|hdt_rail_operation_fault|SPN 6147 (Shift rail D operation status) with FMI 15 (Slightly above normal range) is set by the Transmission when a shift rail does not reach or hold the commanded position within the expected time or range, indicating a mechanical shift-quality problem (binding synchronizer, worn shift fork, low air pressure) rather than a wiring fault.|eaton_trts0950|https://productinfo.serviceranger4.com/books/TRTS0950/lang/en-us/section/TS0950FCIndex|Fault Code 775: Rail D Operation|TRTS0950 Endurant HD fault code index
2059|6150|14|Eaton|700|Transmission|Transmission clutch operation status: flagged under a manufacturer-specific fault condition|hdt_clutch_actuator|SPN 6150 (Transmission clutch operation status) with FMI 14 (See manufacturer-specific instructions) is set by the Transmission when the Linear Clutch Actuator's position feedback or drive circuit reports an out-of-range, erratic, shorted or open condition, or the TECU cannot verify the clutch reached its commanded position. Typical causes are a worn or contaminated LCA position sensor, a failed actuator motor or drive circuit, a sticking clutch linkage, or a clutch touch-point calibration that has drifted out of limits.|eaton_trts0960|https://productinfo.serviceranger4.com/books/TRTS0960/lang/en-us/section/TS0960FCIndex|Fault Code 700: Clutch Operation|TRTS0960 Endurant XD fault code index
2101|7695|8|Eaton|963|Transmission|Force-hold neutral input signal frequency, pulse width or period abnormal|hdt_force_hold_neutral|SPN 7695 (Force-hold neutral input signal) with FMI 8 (Wrong frequency, pulse width or period) is set by the Transmission when the driver-operated force-hold-neutral input or output (used to hold the transmission in neutral, for example during PTO operation) reads an electrical fault, a calibration issue, or a message that is not arriving at the expected rate.|eaton_trts0960|https://productinfo.serviceranger4.com/books/TRTS0960/lang/en-us/section/TS0960FCIndex|Fault Code 963: Force Hold Neutral Input|TRTS0960 Endurant XD fault code index
2143|11756|9|Eaton|137|Transmission|TSC1 control message source address (purpose P7) message not received at the expected rate|hdn_source_address_conflict|SPN 11756 (TSC1 control message source address (purpose P7)) with FMI 9 (Message not arriving at expected rate) is set by the Transmission when it cannot determine which physical node on the J1939 network is entitled to send a given command -- the controlling device's source address is unconfigured, is not the address the Transmission expects, or is being claimed by more than one node at once. Typical causes are a recently swapped or reprogrammed ECU that never had its source address set, two nodes with the same factory-default address, or a parameter file mismatch after an aftermarket device was added to the network.|eaton_trts0950|https://productinfo.serviceranger4.com/books/TRTS0950/lang/en-us/section/TS0950FCIndex|Fault Code 137: Source Address of Controlling Device for TSC1 Control Purpose P7|TRTS0950 Endurant HD fault code index
2185|20870|9|Eaton|125|Transmission|Primary automatic drive selector (ADS) operation status: message not received at the expected rate|hdn_received_ads_cruise_data|SPN 20870 (Primary automatic drive selector (ADS) operation status) with FMI 9 (Message not arriving at expected rate) is set by the Transmission when a value from the cruise control or Automated Driving System (ADS) stops arriving at the expected rate or fails validation -- a primary/secondary ADS command, an ADS operation-status report, or a cruise resume/pause command. The Transmission only receives this value over the network rather than generating it directly, so the fault is a link problem until the sending controller's own diagnostics say otherwise: check the ADS/cruise source controller for its own active codes and confirm it is still transmitting before assuming the Transmission itself has failed.|eaton_trts0950|https://productinfo.serviceranger4.com/books/TRTS0950/lang/en-us/section/TS0950FCIndex|Fault Code 125: Primary ADS Operation Status|TRTS0950 Endurant HD fault code index
2227|94|16|John Deere||Engine ECU|Fuel delivery pressure sensor, moderately above normal range|hde_fuel_pressure_low_sensor|SPN 94 (Fuel delivery pressure sensor) with FMI 16 (Moderately above normal range) is set by the Engine ECU when the fuel delivery (low-side) pressure sensor signal leaves its plausible window or the sensor circuit reads open, shorted or erratic. Typical causes are a failed sensor, corroded connector pins, chafed harness wiring, or a genuine underlying system condition the sensor is correctly reporting.|deere_omh229936|http://manuals.deere.com/omview/OMH229936_19/OUO6075_0000B3D_19_02AUG07_1.htm||OMH229936 9670/9770 STS engine control unit DTCs
2269|107|0|John Deere||Engine ECU|Air filter restriction sensor, reading far too high (most severe)|hde_air_filter_restriction|SPN 107 (Air filter restriction sensor) with FMI 0 (Reading in-range but far too high) is set by the Engine ECU when the intake air filter shows excessive restriction or an abnormal differential-pressure reading. Typical causes are a filter past its service interval, an abnormal contamination source, or a failed differential-pressure sensor.|deere_omrg35856|http://manuals.deere.com/omview/OMRG35856_19/OURGP12,00001FC_19_20100408.html||OMRG35856 PowerTech DTC list
2311|190|18|John Deere||Engine ECU|Engine speed (RPM) signal, moderately below normal range|hde_engine_speed_overspeed|SPN 190 (Engine speed (RPM) signal) with FMI 18 (Moderately below normal range) is set by the Engine ECU when the engine speed (overspeed protection) monitor signal is missing, erratic or implausible. Typical causes are a failed sensor, an incorrect air gap, chafed wiring, or damage to the tone wheel/reluctor the sensor reads.|deere_omrg35856|http://manuals.deere.com/omview/OMRG35856_19/OURGP12,00001FC_19_20100408.html||OMRG35856 PowerTech DTC list
2353|637|8|John Deere|38|Engine ECU|Engine camshaft/timing position sensor signal, missing or wrong frequency|hde_crank_cam_position|SPN 637 (Engine camshaft/timing position sensor signal) with FMI 8 (Wrong frequency, pulse width or period) is set by the Engine ECU when the crankshaft or camshaft position sensor signal is missing, out of range or implausible relative to the engine's other timing references. Typical causes are a failed sensor, an incorrect air gap, connector corrosion, chafed wiring, or damage to the toothed wheel the sensor reads.|deere_omrg35856|http://manuals.deere.com/omview/OMRG35856_19/OURGP12,00001FC_19_20100408.html||OMRG35856 PowerTech DTC list
2395|654|5|John Deere||Engine ECU|Injector cylinder 4, open circuit (current too low)|hde_injector_cylinder_circuit|SPN 654 (Injector cylinder 4) with FMI 5 (Current too low; open circuit) is set by the Engine ECU when the fuel injector driver circuit reads an abnormal current, resistance or calibration value. Typical causes are a failed injector coil/solenoid, a chafed or corroded driver circuit, or an injector trim code that was not carried over after replacement.|deere_omh229936|http://manuals.deere.com/omview/OMH229936_19/OUO6075_0000B3D_19_02AUG07_1.htm||OMH229936 9670/9770 STS engine control unit DTCs
2437|1075|6|John Deere||Engine ECU|Electric fuel lift pump relay/circuit, shorted to ground (current too high)|hde_fuel_supply_pump|SPN 1075 (Electric fuel lift pump relay/circuit) with FMI 6 (Current too high; short to ground) is set by the Engine ECU when the fuel supply (transfer) pump circuit or its commanded response is abnormal. Typical causes are a failed coil/solenoid, corroded or chafed wiring, or the actuator mechanically sticking.|deere_omrg35856|http://manuals.deere.com/omview/OMRG35856_19/OURGP12,00001FC_19_20100408.html||OMRG35856 PowerTech DTC list
2479|2630|16|John Deere||Engine ECU|EGR fresh air (inlet) temperature sensor, moderately above normal range|hda_egr_cooler|SPN 2630 (EGR fresh air (inlet) temperature sensor) with FMI 16 (Moderately above normal range) is set by the Engine ECU when the pressure differential across the EGR circuit (or the fresh-air temperature downstream of the EGR cooler) is implausible or high. A fouled or internally leaking EGR cooler, a plugged EGR orifice, or a genuine differential pressure sensor fault are the usual causes.|deere_omh229936|http://manuals.deere.com/omview/OMH229936_19/OUO6075_0000B3D_19_02AUG07_1.htm||OMH229936 9670/9770 STS engine control unit DTCs
2521|3822|13|John Deere||Engine ECU|EGR valve 2 position sensor, calibration data invalid|hda_egr_valve_actuator|SPN 3822 (EGR valve 2 position sensor) with FMI 13 (Calibration data outside limits) is set by the Engine ECU when the EGR valve actuator will not reach or hold a commanded position, reports an internal fault, loses calibration, or the motor coil circuit is open or shorted. Carbon buildup in the valve bore that increases actuator load is a leading mechanical cause behind an electrical-looking fault.|deere_omh229936|http://manuals.deere.com/omview/OMH229936_19/OUO6075_0000B3D_19_02AUG07_1.htm||OMH229936 9670/9770 STS engine control unit DTCs
2563|2023|9|Navistar||Body controller|Electronic gauge cluster, tachometer sensor fault is not being received at the expected message rate|hdn_gauge_cluster_link|SPN 2023 (Electronic gauge cluster, tachometer sensor fault) with FMI 9 (Message not arriving at expected rate) is set by the Body controller when the gauge cluster -- or one gauge within it, such as the tachometer -- is not receiving the J1939-broadcast data it is meant to display, either because the source message has timed out or because the cluster itself has flagged an internal fault and fallen back to a default display. Typical causes are a connector or wiring fault between the cluster and the backbone, the sending controller going silent, or a faulted cluster module.|navistar_s08327|http://bodybuilder.navistar.com/General/documents/svcmanpdf/S08327.pdf||S08327 Body Controller Diagnostic Trouble Codes (2010)
2605|3415|7|Navistar||Body controller|Door lock status signal is not responding to the commanded position|hdc_door_control_circuit|SPN 3415 (Door lock status signal) with FMI 7 (Mechanical part not reacting or misadjusted) is set by the Body controller when a power door lock or latch actuator does not reach its commanded position, or the actuator's status/tell-tale circuit reads open or shorted. Typical causes are a mechanically binding or frozen lock mechanism, a failed door lock actuator, or a corroded connector or damaged wiring in the door harness.|navistar_s08327|http://bodybuilder.navistar.com/General/documents/svcmanpdf/S08327.pdf||S08327 Body Controller Diagnostic Trouble Codes (2010)
2647|4046|5|Navistar||Body controller|Transfer case status (general fault) is open, no current detected|hdc_pto_driveline_control|SPN 4046 (Transfer case status (general fault)) with FMI 5 (Current too low; open circuit) is set by the Body controller when a power take-off, transfer case, or driveline engagement sensor or solenoid circuit interfaced through the body controller reads open, shorted, or erratic. Typical causes are a failed position sensor or engagement solenoid, a corroded connector at the PTO or transfer case, or damaged wiring between the component and the body controller.|navistar_s08327|http://bodybuilder.navistar.com/General/documents/svcmanpdf/S08327.pdf||S08327 Body Controller Diagnostic Trouble Codes (2010)
2689|520488|2|Navistar||Body controller|Remote power module 2, channel 5 output does not match the commanded state|hdc_remote_power_module_output|SPN 520488 (Remote power module 2, channel 5 output) with FMI 2 (Signal unstable, intermittent or implausible) is set by the Body controller when a Remote Power Module (RPM) output channel reports a state the ESC does not expect for the load configured on that channel — open, shorted to ground, or not updating. Typical causes are a failed load device, a corroded connector at the RPM or the load, or damaged wiring on that channel's circuit.|navistar_s08327|http://bodybuilder.navistar.com/General/documents/svcmanpdf/S08327.pdf||S08327 Body Controller Diagnostic Trouble Codes (2010)
2731|520552|2|Navistar||Body controller|TEM auxiliary 1 interlock switch input is erratic or not read correctly|hdc_switch_pack_multiplex|SPN 520552 (TEM auxiliary 1 interlock switch input) with FMI 2 (Signal unstable, intermittent or implausible) is set by the Body controller when a multiplexed switch pack module stops reporting valid switch states to the ESC, and the ESC defaults every switch in that pack to its fallback value. Typical causes are a failed or unpowered switch pack module, a corroded or unseated connector at the module, or damaged wiring on the multiplex link between the switch pack and the body controller.|navistar_s08327|http://bodybuilder.navistar.com/General/documents/svcmanpdf/S08327.pdf||S08327 Body Controller Diagnostic Trouble Codes (2010)
2773|520589|2|Navistar||Body controller|TEM dual switch 1 input is erratic or not read correctly|hdc_switch_pack_multiplex|SPN 520589 (TEM dual switch 1 input) with FMI 2 (Signal unstable, intermittent or implausible) is set by the Body controller when a multiplexed switch pack module stops reporting valid switch states to the ESC, and the ESC defaults every switch in that pack to its fallback value. Typical causes are a failed or unpowered switch pack module, a corroded or unseated connector at the module, or damaged wiring on the multiplex link between the switch pack and the body controller.|navistar_s08327|http://bodybuilder.navistar.com/General/documents/svcmanpdf/S08327.pdf||S08327 Body Controller Diagnostic Trouble Codes (2010)
2815|520734|5|Navistar||Body controller|Front driveline engagement circuit is open, no current detected|hdc_pto_driveline_control|SPN 520734 (Front driveline engagement circuit) with FMI 5 (Current too low; open circuit) is set by the Body controller when a power take-off, transfer case, or driveline engagement sensor or solenoid circuit interfaced through the body controller reads open, shorted, or erratic. Typical causes are a failed position sensor or engagement solenoid, a corroded connector at the PTO or transfer case, or damaged wiring between the component and the body controller.|navistar_s08327|http://bodybuilder.navistar.com/General/documents/svcmanpdf/S08327.pdf||S08327 Body Controller Diagnostic Trouble Codes (2010)
2857|520871|6|Navistar||Body controller|Blackout lighting ignition relay 1 circuit is shorted to ground or drawing excess current|hdc_blackout_lamp_output|SPN 520871 (Blackout lighting ignition relay 1 circuit) with FMI 6 (Current too high; short to ground) is set by the Body controller when a blackout-drive, convoy, or trailer blackout lamp output circuit reads shorted to ground rather than the expected lamp load. This equipment is fitted on tactical and convoy-configured vocational trucks; typical causes are a failed blackout lamp assembly, water intrusion at the lamp connector, or chafed wiring in the trailer or chassis harness feeding the blackout circuit.|navistar_s08327|http://bodybuilder.navistar.com/General/documents/svcmanpdf/S08327.pdf||S08327 Body Controller Diagnostic Trouble Codes (2010)
2899|110|31|PSI||Engine ECU|Engine coolant temperature sensor signal stuck, not responding to changes|hde_coolant_temp_sensor|SPN 110 (Engine coolant temperature) with FMI 31 (Fault present; no further detail) is set by the Engine ECU when the engine coolant temperature sensor signal leaves its plausible window or the sensor circuit reads open, shorted or erratic. Typical causes are a failed sensor, corroded connector pins, chafed harness wiring, or a genuine underlying system condition the sensor is correctly reporting.|psi_60l_obdhd|https://dtnacontent-dtna.prd.freightliner.com/content/dam/dtna-servicelit/dtna/pdfs/en_us/fccc/engines/6.0L%20OBD%20MT-88%20HD%20Gasoline%20Diagnostic%20Manual%20(pre-released).pdf|205|PSI 6.0L OBD-HD engine diagnostic manual (FCCC chassis)
2941|653|4|PSI||Engine ECU|Cylinder 3 injector circuit reads low (shorted to ground)|hde_injector_cylinder_circuit|SPN 653 (Injector cylinder 3) with FMI 4 (Circuit voltage low / short to ground) is set by the Engine ECU when the fuel injector driver circuit reads an abnormal current, resistance or calibration value. Typical causes are a failed injector coil/solenoid, a chafed or corroded driver circuit, or an injector trim code that was not carried over after replacement.|psi_60l_obdhd|https://dtnacontent-dtna.prd.freightliner.com/content/dam/dtna-servicelit/dtna/pdfs/en_us/fccc/engines/6.0L%20OBD%20MT-88%20HD%20Gasoline%20Diagnostic%20Manual%20(pre-released).pdf|222|PSI 6.0L OBD-HD engine diagnostic manual (FCCC chassis)
2983|1270|5|PSI||Engine ECU|Ignition coil H primary circuit open (no current)|hde_ignition_coil_circuit|SPN 1270 (Ignition coil H primary circuit) with FMI 5 (Current too low; open circuit) is set by the Engine ECU when the ignition coil circuit or its commanded response is abnormal. Typical causes are a failed coil/solenoid, corroded or chafed wiring, or the actuator mechanically sticking.|psi_60l_obdhd|https://dtnacontent-dtna.prd.freightliner.com/content/dam/dtna-servicelit/dtna/pdfs/en_us/fccc/engines/6.0L%20OBD%20MT-88%20HD%20Gasoline%20Diagnostic%20Manual%20(pre-released).pdf|284|PSI 6.0L OBD-HD engine diagnostic manual (FCCC chassis)
3025|2011|19|PSI||Engine ECU|ABS control module message failed checksum validation|hdn_received_brake_abs_data|SPN 2011 (Loss/invalid data from ABS control module) with FMI 19 (Network-received value flagged as error) is set by the Engine ECU when a value the brake or ABS/ESC system broadcasts on J1939 -- a wheel speed, a brake pressure, a brake/hill-holder switch state, ABS/ASR status, or an external brake request (XBR) -- stops arriving at the expected rate, fails validation, or is out of the receiving controller's calibrated range. The Engine ECU only receives this value over the network rather than measuring it directly, so the fault is a link problem until the brake/ABS system's own diagnostics say otherwise: check the ABS/ESC controller for its own active codes and confirm it is still transmitting before assuming the Engine ECU itself has failed.|psi_60l_obdhd|https://dtnacontent-dtna.prd.freightliner.com/content/dam/dtna-servicelit/dtna/pdfs/en_us/fccc/engines/6.0L%20OBD%20MT-88%20HD%20Gasoline%20Diagnostic%20Manual%20(pre-released).pdf|353|PSI 6.0L OBD-HD engine diagnostic manual (FCCC chassis)
3067|3262|4|PSI||Engine ECU|Oxygen sensor heater circuit, bank 2 sensor 1, reads low (shorted to ground)|hda_catalyst_o2_lambda_sensor|SPN 3262 (Oxygen sensor heater circuit, bank 2 sensor 1) with FMI 4 (Circuit voltage low / short to ground) is set by the Engine ECU for the lambda (wideband O2) sensor used to trim the aftertreatment/combustion feedback loop, or for a post-catalyst fuel trim that has moved outside its expected band. A lazy or contaminated sensor and an exhaust leak ahead of the sensor are the most common causes on gasoline- and dual-fuel heavy-duty engines with a three-way or oxidation catalyst.|psi_60l_obdhd|https://dtnacontent-dtna.prd.freightliner.com/content/dam/dtna-servicelit/dtna/pdfs/en_us/fccc/engines/6.0L%20OBD%20MT-88%20HD%20Gasoline%20Diagnostic%20Manual%20(pre-released).pdf|277|PSI 6.0L OBD-HD engine diagnostic manual (FCCC chassis)
3109|4241|10|PSI||Engine ECU|Oxygen sensor, bank 2 sensor 1, switches from rich to lean too slowly|hda_catalyst_o2_lambda_sensor|SPN 4241 (Oxygen sensor response time, bank 2 sensor 1) with FMI 10 (Value changing implausibly fast or slow) is set by the Engine ECU for the lambda (wideband O2) sensor used to trim the aftertreatment/combustion feedback loop, or for a post-catalyst fuel trim that has moved outside its expected band. A lazy or contaminated sensor and an exhaust leak ahead of the sensor are the most common causes on gasoline- and dual-fuel heavy-duty engines with a three-way or oxidation catalyst.|psi_60l_obdhd|https://dtnacontent-dtna.prd.freightliner.com/content/dam/dtna-servicelit/dtna/pdfs/en_us/fccc/engines/6.0L%20OBD%20MT-88%20HD%20Gasoline%20Diagnostic%20Manual%20(pre-released).pdf|267|PSI 6.0L OBD-HD engine diagnostic manual (FCCC chassis)
3151|29|8|Perkins||Engine ECU|Secondary accelerator pedal position sensor frequency or pulse width out of range|hde_throttle_pedal|SPN 29 (Secondary accelerator pedal position sensor) with FMI 8 (Wrong frequency, pulse width or period) is set by the Engine ECU when the accelerator pedal position sensor signal is missing, out of range or implausible relative to the engine's other timing references. Typical causes are a failed sensor, an incorrect air gap, connector corrosion, chafed wiring, or damage to the toothed wheel the sensor reads.|perkins_sebu8601|https://s7d2.scene7.com/is/content/Caterpillar/CM20260911-9f181-9e283|51|SEBU8601-07 1206E-E70TTA industrial engine OMM, Table 3 diagnostic codes
3193|174|4|Perkins||Engine ECU|Fuel temperature sensor circuit reads low (shorted to ground)|hde_fuel_temp_sensor|SPN 174 (Fuel temperature sensor) with FMI 4 (Circuit voltage low / short to ground) is set by the Engine ECU when the fuel temperature sensor signal leaves its plausible window or the sensor circuit reads open, shorted or erratic. Typical causes are a failed sensor, corroded connector pins, chafed harness wiring, or a genuine underlying system condition the sensor is correctly reporting.|perkins_sebu8601|https://s7d2.scene7.com/is/content/Caterpillar/CM20260911-9f181-9e283|51|SEBU8601-07 1206E-E70TTA industrial engine OMM, Table 3 diagnostic codes
3235|1239|0|Perkins||Engine ECU|Common rail (fuel) pressure sensor reading far above normal range|hde_fuel_rail_pressure|SPN 1239 (Common rail (fuel) pressure sensor) with FMI 0 (Reading in-range but far too high) is set by the Engine ECU when the fuel rail (common rail) pressure sensor signal leaves its plausible window or the sensor circuit reads open, shorted or erratic. Typical causes are a failed sensor, corroded connector pins, chafed harness wiring, or a genuine underlying system condition the sensor is correctly reporting.|perkins_sebu8601|https://s7d2.scene7.com/is/content/Caterpillar/CM20260911-9f181-9e283|54|SEBU8601-07 1206E-E70TTA industrial engine OMM, Table 3 diagnostic codes
3277|3510|3|Perkins||Engine ECU|ECU sensor supply voltage 2 circuit reads high (shorted to supply)|hde_sensor_supply_5v|SPN 3510 (ECU sensor supply voltage 2, out-of-range fault) with FMI 3 (Circuit voltage high / short to supply) is set by the Engine ECU when the 5V/8V sensor supply rail reads outside its expected voltage band. Typical causes are a shorted sensor or harness branch overloading the shared supply, a corroded connector, or a failed regulator/relay.|perkins_sebu8601|https://s7d2.scene7.com/is/content/Caterpillar/CM20260911-9f181-9e283|52|SEBU8601-07 1206E-E70TTA industrial engine OMM, Table 3 diagnostic codes
3319|5425|5|Perkins||Engine ECU|Parameter 5425: circuit current too low (open circuit)|hde_unidentified_circuit_fault|SPN 5425 (Parameter 5425 (role not stated by the OEM tables)) is a Perkins-specific parameter with no plain-language description in the source OEM tables; FMI 5 (Current too low; open circuit) reported by the Engine ECU indicates a circuit-type electrical fault (open, short or out-of-range voltage) on whatever sensor or actuator this parameter represents. Diagnose it as a wiring/connector fault using the OEM pin-out for this SPN rather than assuming a specific component.|perkins_sebu8601|https://s7d2.scene7.com/is/content/Caterpillar/CM20260911-9f181-9e283|52|SEBU8601-07 1206E-E70TTA industrial engine OMM, Table 3 diagnostic codes
3361|704|4|WABCO||ABS/ESC|Trailer auxiliary output circuit (WABCO aux): circuit shorted to ground (voltage low)|hdb_auxiliary_output_solenoid_circuit|SPN 704 (Auxiliary I/O channel 4) with FMI 4 (Circuit voltage low / short to ground) is set by the ABS/ESC on a configurable auxiliary output driver -- wired at the factory to a differential lock, transfer case, trailer, or a general-purpose 3/2 valve solenoid -- when that output circuit reads shorted to voltage or ground, open, or does not match its parameter-set configuration. Diagnosis follows the wiring for whichever solenoid the output is assigned to on this vehicle.|wabco_mm1719|https://www.zf.com/products/media/automotive/cv/literature_downloads_wna/truck_solutions/abs_maintenance_manuals_/MM1719_web.pdf|22|MM1719 mBSP ABS/ESC maintenance manual (08.2018)
3403|790|8|WABCO||ABS/ESC|Wheel speed sensor, steer axle right: signal frequency or pulse width wrong|hdb_wheel_speed_signal_erratic|SPN 790 (Wheel speed sensor, steer axle right) with FMI 8 (Wrong frequency, pulse width or period) is set by the ABS/ESC when a wheel-speed signal is plausible in amplitude but behaves erratically -- chattering, jumping, arriving at the wrong update rate, or disagreeing with the other wheels on the axle, including a sensor pair wired in reverse or an output too low at drive-off. Typical causes are a damaged or debris-packed tone ring, a loose sensor, mismatched tire sizes on an axle, or a mis-wired sensor after a service.|wabco_mm1719|https://www.zf.com/products/media/automotive/cv/literature_downloads_wna/truck_solutions/abs_maintenance_manuals_/MM1719_web.pdf|24|MM1719 mBSP ABS/ESC maintenance manual (08.2018)
3445|792|6|WABCO|4+3|ABS/ESC|Sensor circuit shorted; check for corroded or damaged wiring (drive axle right)|hdb_wheel_speed_sensor_circuit|SPN 792 (Wheel speed sensor, drive axle right) with FMI 6 (Current too high; short to ground) is set by the ABS/ESC when a wheel-speed sensor circuit reads open, shorted to voltage or ground, or the sensor no longer reports as a valid device to the ECU. Typical causes are a broken or corroded sensor connector, a chafed harness near the axle or suspension travel, a failed sensor coil, or a wiring short at the ECU pin.|wabco_mm0112|https://www.zf.com/products/media/automotive/cv/literature_downloads_wna/truck_solutions/abs_maintenance_manuals_/MM0112_web.pdf|99|MM0112 ABS/ESC E-version maintenance manual (05.2020)
3487|794|6|WABCO||ABS/ESC|Wheel speed sensor, additional axle right: circuit shorted to ground, current too high|hdb_wheel_speed_sensor_circuit|SPN 794 (Wheel speed sensor, additional axle right) with FMI 6 (Current too high; short to ground) is set by the ABS/ESC when a wheel-speed sensor circuit reads open, shorted to voltage or ground, or the sensor no longer reports as a valid device to the ECU. Typical causes are a broken or corroded sensor connector, a chafed harness near the axle or suspension travel, a failed sensor coil, or a wiring short at the ECU pin.|wabco_mm1719|https://www.zf.com/products/media/automotive/cv/literature_downloads_wna/truck_solutions/abs_maintenance_manuals_/MM1719_web.pdf|28|MM1719 mBSP ABS/ESC maintenance manual (08.2018)
3529|800|4|WABCO||ABS/ESC|ABS pressure modulator valve channel, additional axle right: circuit shorted to ground (voltage low)|hdb_abs_modulator_valve|SPN 800 (ABS pressure modulator valve channel, additional axle right) with FMI 4 (Circuit voltage low / short to ground) is set by the ABS/ESC when an ABS pressure-modulator valve solenoid circuit -- the hold or release coil, or the shared common return -- reads shorted, open, or has exceeded its expected duty-cycle life. The fault points to the solenoid coil, its wiring back to the ECU, or the modulator valve body itself.|wabco_mm1719|https://www.zf.com/products/media/automotive/cv/literature_downloads_wna/truck_solutions/abs_maintenance_manuals_/MM1719_web.pdf|31|MM1719 mBSP ABS/ESC maintenance manual (08.2018)
3571|1807|7|WABCO|8+6|ABS/ESC|ESC disabled; steering ratio implausible, recalibrate SAS after steering/front-axle work|hdb_steering_angle_sensor|SPN 1807 (Steering angle sensor (SAS) circuit) with FMI 7 (Mechanical part not reacting or misadjusted) is set by the ABS/ESC when the steering-angle sensor (SAS) that feeds the stability control system reads out of range, times out on the data link, or has not finished its self-calibration. Causes range from a disconnected or misaligned sensor to a needed re-calibration after front-end or steering work.|wabco_mm0112|https://www.zf.com/products/media/automotive/cv/literature_downloads_wna/truck_solutions/abs_maintenance_manuals_/MM0112_web.pdf|117|MM0112 ABS/ESC E-version maintenance manual (05.2020)
3613|520210|8|WABCO||ABS/ESC|ESC module CAN communication fault: message counter increments incorrectly|hdn_data_link_generic|SPN 520210 (ESC module CAN communication fault) with FMI 8 (Wrong frequency, pulse width or period) is set by the ABS/ESC when the primary or secondary J1939 vehicle network is reporting a general fault -- traffic that is erratic, arriving too slowly, or a multiplexing/configuration mismatch -- that is not tied to one identifiable partner message. Typical causes are marginal wiring shared with the physical-layer fault list, a node flooding or slowing the bus, a baud-rate or address mismatch after a software update, or (on older engine ECUs) a fault on the legacy J1587 serial link that still runs alongside J1939.|wabco_mm1719|https://www.zf.com/products/media/automotive/cv/literature_downloads_wna/truck_solutions/abs_maintenance_manuals_/MM1719_web.pdf|38|MM1719 mBSP ABS/ESC maintenance manual (08.2018)
3655|520504|9|WABCO||ABS/ESC|Wheel-speed plausibility, axle 2 right: sudden downward jump in wheel-speed reading|hdb_wheel_speed_signal_erratic|SPN 520504 (Wheel-speed plausibility, axle 2 right) with FMI 9 (Message not arriving at expected rate) is set by the ABS/ESC when a wheel-speed signal is plausible in amplitude but behaves erratically -- chattering, jumping, arriving at the wrong update rate, or disagreeing with the other wheels on the axle, including a sensor pair wired in reverse or an output too low at drive-off. Typical causes are a damaged or debris-packed tone ring, a loose sensor, mismatched tire sizes on an axle, or a mis-wired sensor after a service.|wabco_mm1719|https://www.zf.com/products/media/automotive/cv/literature_downloads_wna/truck_solutions/abs_maintenance_manuals_/MM1719_web.pdf|43|MM1719 mBSP ABS/ESC maintenance manual (08.2018)
3697|520511|9|WABCO||ABS/ESC|Wheel-speed plausibility, axle 6 left: no wheel-speed signal being measured for this wheel|hdb_wheel_speed_signal_erratic|SPN 520511 (Wheel-speed plausibility, axle 6 left) with FMI 9 (Message not arriving at expected rate) is set by the ABS/ESC when a wheel-speed signal is plausible in amplitude but behaves erratically -- chattering, jumping, arriving at the wrong update rate, or disagreeing with the other wheels on the axle, including a sensor pair wired in reverse or an output too low at drive-off. Typical causes are a damaged or debris-packed tone ring, a loose sensor, mismatched tire sizes on an axle, or a mis-wired sensor after a service.|wabco_mm1719|https://www.zf.com/products/media/automotive/cv/literature_downloads_wna/truck_solutions/abs_maintenance_manuals_/MM1719_web.pdf|50|MM1719 mBSP ABS/ESC maintenance manual (08.2018)
3739|520523|3|WABCO||ABS/ESC|Auxiliary output solenoid ground circuit: shorted to supply (voltage high)|hdb_auxiliary_output_solenoid_circuit|SPN 520523 (Auxiliary output solenoid ground circuit) with FMI 3 (Circuit voltage high / short to supply) is set by the ABS/ESC on a configurable auxiliary output driver -- wired at the factory to a differential lock, transfer case, trailer, or a general-purpose 3/2 valve solenoid -- when that output circuit reads shorted to voltage or ground, open, or does not match its parameter-set configuration. Diagnosis follows the wiring for whichever solenoid the output is assigned to on this vehicle.|wabco_mm1719|https://www.zf.com/products/media/automotive/cv/literature_downloads_wna/truck_solutions/abs_maintenance_manuals_/MM1719_web.pdf|57|MM1719 mBSP ABS/ESC maintenance manual (08.2018)
3781|523100|26|WABCO||ABS/ESC|Safety monitor, wheel-speed calculation: speed value fails 0-1 m/s plausibility check|hdb_esc_safety_monitor_fault|SPN 523100 (Safety monitor, wheel-speed calculation) with FMI 26 (Reserved by SAE; some OEMs assign proprietary meanings) is set by the ABS/ESC's internal safety-monitor software, which cross-checks stability-control functions -- wheel-speed math, roll/yaw control, brake blending, valve monitoring -- against each other and flags an inconsistency. WABCO is the OEM assigning this proprietary meaning to the FMI code here; diagnosis calls for a dealer-level scan tool, not a parts swap on the first visit.|wabco_mm1719|https://www.zf.com/products/media/automotive/cv/literature_downloads_wna/truck_solutions/abs_maintenance_manuals_/MM1719_web.pdf|62|MM1719 mBSP ABS/ESC maintenance manual (08.2018)
3823|524270|9|WABCO||ABS/ESC|EEPROM parameter block 1 fails checksum verification, ECU may use a default value|hdb_ecu_eeprom_parameter_fault|SPN 524270 (EEPROM parameter block 1 checksum fault) with FMI 9 (Message not arriving at expected rate) is set by the ABS/ESC when a checksum on one of its stored EEPROM parameter groups -- traction control, brake configuration, gravity/vehicle setup, axle configuration -- fails, meaning the ECU's own configuration memory is corrupted. This is an internal ECU fault, not a wiring problem.|wabco_mm1719|https://www.zf.com/products/media/automotive/cv/literature_downloads_wna/truck_solutions/abs_maintenance_manuals_/MM1719_web.pdf|66|MM1719 mBSP ABS/ESC maintenance manual (08.2018)
3865|524271|19|WABCO||ABS/ESC|EEPROM parameter block 2 fails checksum verification, ECU may use a default value|hdb_ecu_eeprom_parameter_fault|SPN 524271 (EEPROM parameter block 2 checksum fault) with FMI 19 (Network-received value flagged as error) is set by the ABS/ESC when a checksum on one of its stored EEPROM parameter groups -- traction control, brake configuration, gravity/vehicle setup, axle configuration -- fails, meaning the ECU's own configuration memory is corrupted. This is an internal ECU fault, not a wiring problem.|wabco_mm1719|https://www.zf.com/products/media/automotive/cv/literature_downloads_wna/truck_solutions/abs_maintenance_manuals_/MM1719_web.pdf|70|MM1719 mBSP ABS/ESC maintenance manual (08.2018)
3907|3516|4|Yanmar|P206C|Aftertreatment DCU|DEF quality sensor internal circuit shorted|hda_def_quality|SPN 3516 (DEF (urea) quality sensor, concentration error) with FMI 4 (Circuit voltage low / short to ground) is set by the Aftertreatment DCU when the DEF quality (concentration) sensor reports an out-of-range reading, an optical/electrical fault, or a contaminated or wrong-type DEF condition. Wrong-strength or contaminated DEF is a real, common cause of this family, not just a sensor defect - check DEF concentration with a refractometer before replacing the sensor.|yanmar_over56kw|https://www.yanmar.com/media/news/2024/08/08065132/over_56kw_troubleshooting_manual.pdf|2-4-31|Troubleshooting manual, engines over 56 kW (2024)
3949|523557|3|Yanmar|P1510|Aftertreatment DCU|DEF hose heater (back-flow/pressure/suction), H- or L-side shorted to battery|hda_def_line_heater|SPN 523557 (DEF hose heater, H-side circuit) with FMI 3 (Circuit voltage high / short to supply) is set by the Aftertreatment DCU for one of the electric heater circuits on the DEF supply, return, suction or backflow hoses (open circuit, short to ground, short to battery, or critical overcurrent). These heaters keep DEF from freezing in the lines below ambient; a failed heater does not stop the truck from running but will set an inducement path if DEF cannot be pumped in cold weather.|yanmar_over56kw|https://www.yanmar.com/media/news/2024/08/08065132/over_56kw_troubleshooting_manual.pdf|2-4-114|Troubleshooting manual, engines over 56 kW (2024)
3991|523596|3|Yanmar|P2216|Aftertreatment DCU|SCR downstream NOx sensor internal circuit shorted|hda_nox_sensor_downstream|SPN 523596 (SCR downstream NOx sensor internal circuit) with FMI 3 (Circuit voltage high / short to supply) is set by the Aftertreatment DCU for the NOx sensor mounted after the SCR catalyst (measuring tailpipe-out NOx to confirm conversion). The fault covers open/short circuits, communication loss, heater faults, offset/drift error, or the sensor reporting itself removed from the exhaust stream.|yanmar_over56kw|https://www.yanmar.com/media/news/2024/08/08065132/over_56kw_troubleshooting_manual.pdf|2-4-9|Troubleshooting manual, engines over 56 kW (2024)
4033|91|4|Yanmar|P0122|Engine ECU|Accelerator pedal position sensor circuit reads low (shorted to ground)|hde_throttle_pedal|SPN 91 (Accelerator pedal position sensor) with FMI 4 (Circuit voltage low / short to ground) is set by the Engine ECU when the accelerator pedal position sensor signal is missing, out of range or implausible relative to the engine's other timing references. Typical causes are a failed sensor, an incorrect air gap, connector corrosion, chafed wiring, or damage to the toothed wheel the sensor reads.|yanmar_over56kw|https://www.yanmar.com/media/news/2024/08/08065132/over_56kw_troubleshooting_manual.pdf|2-3-11|Troubleshooting manual, engines over 56 kW (2024)
4075|630|2|Yanmar|P1601|Engine ECU|ECU EEPROM memory fault|hde_ecu_internal|SPN 630 (Engine control module calibration/configuration fault) with FMI 2 (Signal unstable, intermittent or implausible) is set by the Engine ECU when it detects an internal fault in its own memory, software or supply. Typical causes are a corrupted calibration, a power/ground fault at the ECU connector, or, rarely, a failed ECU that needs dealer replacement and reprogramming.|yanmar_over56kw|https://www.yanmar.com/media/news/2024/08/08065132/over_56kw_troubleshooting_manual.pdf|2-3-232|Troubleshooting manual, engines over 56 kW (2024)
4117|2971|12|Yanmar|P0403|Engine ECU|EGR valve actuator motor coil circuit open (disconnected)|hda_egr_valve_actuator|SPN 2971 (EGR valve actuator motor coil circuit) with FMI 12 (Smart device or component defective) is set by the Engine ECU when the EGR valve actuator will not reach or hold a commanded position, reports an internal fault, loses calibration, or the motor coil circuit is open or shorted. Carbon buildup in the valve bore that increases actuator load is a leading mechanical cause behind an electrical-looking fault.|yanmar_over56kw|https://www.yanmar.com/media/news/2024/08/08065132/over_56kw_troubleshooting_manual.pdf|2-3-220|Troubleshooting manual, engines over 56 kW (2024)
4159|518280|6|Yanmar|P1735|Engine ECU|Buzzer output circuit shorted to battery supply|hde_lamp_output_circuit|SPN 518280 (Buzzer output circuit) with FMI 6 (Current too high; short to ground) is set by the Engine ECU when the dashboard warning lamp or indicator output circuit reads an abnormal voltage or current. Typical causes are a burned-out bulb/LED, a corroded connector, or a short/open in the wiring between the module and the indicator.|yanmar_over56kw|https://www.yanmar.com/media/news/2024/08/08065132/over_56kw_troubleshooting_manual.pdf|2-3-278|Troubleshooting manual, engines over 56 kW (2024)
