part_id|fix_id|part_name|amazon_search_query
1|2|Heavy-duty pneumatic solenoid valve (12V/24V)|https://www.amazon.com/s?k=heavy+duty+pneumatic+solenoid+valve+24v+truck
43|171|ABS/ESC electronic control unit (dealer programmed)|
119|350|ABS tone (exciter) ring|https://www.amazon.com/s?k=truck+abs+tone+ring+exciter+ring
120|352|Matched heavy-duty truck tire|
203|547|ABS tone (exciter) ring|https://www.amazon.com/s?k=truck+abs+tone+ring+exciter+ring
204|549|Matched heavy-duty truck tire|
260|728|ABS pressure modulator valve (WABCO/Bendix type)|https://www.amazon.com/s?k=truck+abs+pressure+modulator+valve
304|882|ABS pressure modulator valve (WABCO/Bendix type)|https://www.amazon.com/s?k=truck+abs+pressure+modulator+valve
346|1047|Steering angle sensor (SAS)|https://www.amazon.com/s?k=heavy+duty+truck+steering+angle+sensor
388|1207|Fuel Temperature Sensor (heavy-duty diesel)|https://www.amazon.com/s?k=Fuel+Temperature+Sensor+heavy-duty+diesel
430|1371|Accelerator Pedal Position Sensor (heavy-duty diesel)|https://www.amazon.com/s?k=Accelerator+Pedal+Position+Sensor+heavy-duty+diesel
473|1538|Engine Coolant Temperature Sensor (heavy-duty diesel)|https://www.amazon.com/s?k=Engine+Coolant+Temperature+Sensor+heavy-duty+diesel
516|1704|Engine control unit / module (dealer-programmed)|
563|1868|Fuel Injector (heavy-duty diesel, remanufactured or new)|https://www.amazon.com/s?k=Fuel+Injector+heavy-duty+diesel,+remanufactured+or+new
606|2016|Cylinder Misfire/power-balance Monitor (heavy-duty diesel)|https://www.amazon.com/s?k=Cylinder+Misfire/power-balance+Monitor+heavy-duty+diesel
648|2155|Cylinder Misfire/power-balance Monitor (heavy-duty diesel)|https://www.amazon.com/s?k=Cylinder+Misfire/power-balance+Monitor+heavy-duty+diesel
709|2321|Deutsch connector terminal repair kit|https://www.amazon.com/s?k=deutsch+connector+terminal+repair+kit+heavy+duty
710|2322|Eaton Endurant Linear Clutch Actuator (LCA)|
775|2513|Heavy-duty pneumatic pressure sensor 0-150 psi|https://www.amazon.com/s?k=heavy+duty+pneumatic+air+pressure+sensor
858|2686|Deutsch connector terminal repair kit|https://www.amazon.com/s?k=deutsch+connector+terminal+repair+kit+heavy+duty
859|2684|Heavy-duty transmission oil pressure sensor|https://www.amazon.com/s?k=heavy+duty+transmission+oil+pressure+sensor
860|2683|Heavy-duty transmission filter kit|https://www.amazon.com/s?k=heavy+duty+transmission+filter+kit
956|2869|Deutsch connector terminal repair kit|https://www.amazon.com/s?k=deutsch+connector+terminal+repair+kit+heavy+duty
957|2867|Heavy-duty transmission countershaft speed sensor|https://www.amazon.com/s?k=heavy+duty+transmission+countershaft+speed+sensor
1022|3037|Heavy-duty transmission oil temperature sensor|https://www.amazon.com/s?k=heavy+duty+transmission+oil+temperature+sensor
1098|3205|Deutsch connector terminal repair kit|https://www.amazon.com/s?k=deutsch+connector+terminal+repair+kit+heavy+duty
1099|3203|Heavy-duty transmission output shaft speed sensor|https://www.amazon.com/s?k=heavy+duty+transmission+output+shaft+speed+sensor
1166|3367|Eaton Endurant clutch friction disc and pressure plate kit|
1238|3556|Deutsch connector terminal repair kit|https://www.amazon.com/s?k=deutsch+connector+terminal+repair+kit+heavy+duty
1239|3555|Heavy-duty vehicle inclination/grade sensor|https://www.amazon.com/s?k=heavy+duty+vehicle+inclination+grade+sensor
1310|3736|Eaton Endurant TECU (transmission control unit)|
1352|3909|Eaton Endurant TECU (transmission control unit)|
1429|4082|Deutsch connector terminal repair kit|https://www.amazon.com/s?k=deutsch+connector+terminal+repair+kit+heavy+duty
1430|4084|Eaton Endurant shift lever / shift pad selector|
1501|4252|Deutsch connector terminal repair kit|https://www.amazon.com/s?k=deutsch+connector+terminal+repair+kit+heavy+duty
1502|4251|Eaton Endurant XY shifter module|
1585|4420|Deutsch connector terminal repair kit|https://www.amazon.com/s?k=deutsch+connector+terminal+repair+kit+heavy+duty
1586|4418|Eaton Endurant inertia brake solenoid|
1669|4593|Deutsch connector pin/terminal repair kit|https://www.amazon.com/s?k=deutsch+connector+terminal+repair+kit
1670|4592|Heavy-duty J1939 handheld scan tool|https://www.amazon.com/s?k=heavy+duty+j1939+diesel+scan+tool
1735|4759|Deutsch connector pin/terminal repair kit|https://www.amazon.com/s?k=deutsch+connector+terminal+repair+kit
1736|4758|Heavy-duty J1939 handheld scan tool|https://www.amazon.com/s?k=heavy+duty+j1939+diesel+scan+tool
1818|4935|Deutsch connector terminal repair kit|https://www.amazon.com/s?k=deutsch+connector+terminal+repair+kit+heavy+duty
1819|4933|Heavy-duty PTO dash switch|https://www.amazon.com/s?k=heavy+duty+pto+dash+switch
1902|5137|Deutsch connector terminal repair kit|https://www.amazon.com/s?k=deutsch+connector+terminal+repair+kit+heavy+duty
1903|5138|Heavy-duty PTO air engagement solenoid|https://www.amazon.com/s?k=heavy+duty+pto+air+engagement+solenoid
1986|5310|Deutsch connector terminal repair kit|https://www.amazon.com/s?k=deutsch+connector+terminal+repair+kit+heavy+duty
1987|5311|Heavy-duty PTO engagement confirmation sensor|https://www.amazon.com/s?k=heavy+duty+pto+engagement+confirmation+sensor
2068|5513|Deutsch connector pin/terminal repair kit|https://www.amazon.com/s?k=deutsch+connector+terminal+repair+kit
2069|5516|Heavy-duty J1939 handheld scan tool|https://www.amazon.com/s?k=heavy+duty+j1939+diesel+scan+tool
2152|5697|Deutsch connector terminal repair kit|https://www.amazon.com/s?k=deutsch+connector+terminal+repair+kit+heavy+duty
2153|5699|Eaton Endurant shift lever / shift pad selector|
2236|5894|Deutsch connector terminal repair kit|https://www.amazon.com/s?k=deutsch+connector+terminal+repair+kit+heavy+duty
2237|5893|Heavy-duty two-speed axle dash switch|https://www.amazon.com/s?k=heavy+duty+two+speed+axle+dash+switch
2320|6063|Deutsch connector terminal repair kit|https://www.amazon.com/s?k=deutsch+connector+terminal+repair+kit+heavy+duty
2321|6064|Heavy-duty transmission shift rail position sensor|https://www.amazon.com/s?k=heavy+duty+transmission+shift+position+sensor
2404|6233|Deutsch connector terminal repair kit|https://www.amazon.com/s?k=deutsch+connector+terminal+repair+kit+heavy+duty
2405|6231|Heavy-duty transmission shift rail position sensor|https://www.amazon.com/s?k=heavy+duty+transmission+shift+position+sensor
2488|6401|Deutsch connector terminal repair kit|https://www.amazon.com/s?k=deutsch+connector+terminal+repair+kit+heavy+duty
2489|6399|Heavy-duty transmission shift rail position sensor|https://www.amazon.com/s?k=heavy+duty+transmission+shift+position+sensor
2572|6569|Deutsch connector terminal repair kit|https://www.amazon.com/s?k=deutsch+connector+terminal+repair+kit+heavy+duty
2573|6567|Eaton Endurant clutch engage/release solenoid|
2656|6737|Deutsch connector terminal repair kit|https://www.amazon.com/s?k=deutsch+connector+terminal+repair+kit+heavy+duty
2657|6736|Eaton Endurant clutch engage/release solenoid|
2740|6905|Deutsch connector terminal repair kit|https://www.amazon.com/s?k=deutsch+connector+terminal+repair+kit+heavy+duty
2741|6904|Eaton Endurant XY shifter module|
2824|7073|Deutsch connector terminal repair kit|https://www.amazon.com/s?k=deutsch+connector+terminal+repair+kit+heavy+duty
2825|7072|Eaton Endurant XY shifter module|
2908|7241|Deutsch connector terminal repair kit|https://www.amazon.com/s?k=deutsch+connector+terminal+repair+kit+heavy+duty
2909|7240|Eaton Endurant XY shifter module|
2992|7409|Deutsch connector terminal repair kit|https://www.amazon.com/s?k=deutsch+connector+terminal+repair+kit+heavy+duty
2993|7408|Eaton Endurant XY shifter module|
3070|7569|Deutsch connector terminal repair kit|https://www.amazon.com/s?k=deutsch+connector+terminal+repair+kit+heavy+duty
3071|7571|Heavy-duty transmission shift rail position sensor|https://www.amazon.com/s?k=heavy+duty+transmission+shift+position+sensor
3154|7737|Deutsch connector terminal repair kit|https://www.amazon.com/s?k=deutsch+connector+terminal+repair+kit+heavy+duty
3155|7739|Heavy-duty transmission shift rail position sensor|https://www.amazon.com/s?k=heavy+duty+transmission+shift+position+sensor
3219|7887|Eaton Endurant TECU (transmission control unit)|
3261|8040|Eaton Endurant shift fork and synchronizer kit|
3303|8208|Eaton Endurant shift fork and synchronizer kit|
3351|8381|Deutsch connector terminal repair kit|https://www.amazon.com/s?k=deutsch+connector+terminal+repair+kit+heavy+duty
3352|8380|Eaton Endurant Linear Clutch Actuator (LCA)|
3420|8585|Heavy-duty sealed toggle switch/relay|https://www.amazon.com/s?k=heavy+duty+sealed+toggle+switch+relay+truck
3487|8768|Heavy-duty J1939 handheld scan tool|https://www.amazon.com/s?k=heavy+duty+j1939+diesel+scan+tool
3560|8965|Deutsch connector pin/terminal repair kit|https://www.amazon.com/s?k=deutsch+connector+terminal+repair+kit
3561|8968|Heavy-duty J1939 handheld scan tool|https://www.amazon.com/s?k=heavy+duty+j1939+diesel+scan+tool
3619|9134|Fuel Delivery (low-side) Pressure Sensor (heavy-duty diesel)|https://www.amazon.com/s?k=Fuel+Delivery+low-side+Pressure+Sensor+heavy-duty+diesel
3661|9301|Intake Air Filter (heavy-duty diesel)|https://www.amazon.com/s?k=Intake+Air+Filter+heavy-duty+diesel
3703|9467|Engine Speed (overspeed Protection) Monitor (heavy-duty diesel)|https://www.amazon.com/s?k=Engine+Speed+overspeed+Protection+Monitor+heavy-duty+diesel
3746|9628|Crankshaft Or Camshaft Position Sensor (heavy-duty diesel)|https://www.amazon.com/s?k=Crankshaft+Or+Camshaft+Position+Sensor+heavy-duty+diesel
3789|9797|Fuel Injector (heavy-duty diesel, remanufactured or new)|https://www.amazon.com/s?k=Fuel+Injector+heavy-duty+diesel,+remanufactured+or+new
3832|9962|Fuel Supply (transfer) Pump (heavy-duty diesel)|https://www.amazon.com/s?k=Fuel+Supply+transfer+Pump+heavy-duty+diesel
3880|10122|EGR cooler|https://www.amazon.com/s?k=egr+cooler+heavy+duty+diesel
3922|10268|EGR valve actuator|https://www.amazon.com/s?k=egr+valve+heavy+duty+diesel
3966|10438|Dash connector pin/terminal repair kit|https://www.amazon.com/s?k=truck+dash+connector+terminal+repair+kit
3967|10439|Heavy-duty truck instrument/gauge cluster (aftermarket where available)|https://www.amazon.com/s?k=heavy+duty+truck+instrument+gauge+cluster
4011|10606|Power door lock / latch actuator (heavy-duty truck)|https://www.amazon.com/s?k=heavy+duty+truck+power+door+lock+actuator
4053|10775|PTO / transfer case position sensor or engagement solenoid (heavy-duty truck)|https://www.amazon.com/s?k=heavy+duty+truck+pto+transfer+case+position+sensor
4098|10953|Load device varies by channel — inspect wiring diagram for the assigned function|
4140|11135|Switch pack module (dealer-sourced, Navistar body electrical)|
4182|11303|Switch pack module (dealer-sourced, Navistar body electrical)|
4224|11473|PTO / transfer case position sensor or engagement solenoid (heavy-duty truck)|https://www.amazon.com/s?k=heavy+duty+truck+pto+transfer+case+position+sensor
4266|11642|Blackout drive/marker lamp assembly (military-spec, 12/24V)|
4308|11809|Engine Coolant Temperature Sensor (heavy-duty diesel)|https://www.amazon.com/s?k=Engine+Coolant+Temperature+Sensor+heavy-duty+diesel
4355|11971|Fuel Injector (heavy-duty diesel, remanufactured or new)|https://www.amazon.com/s?k=Fuel+Injector+heavy-duty+diesel,+remanufactured+or+new
4397|12135|Ignition Coil (heavy-duty diesel)|https://www.amazon.com/s?k=Ignition+Coil+heavy-duty+diesel
4443|12292|Deutsch connector pin/terminal repair kit|https://www.amazon.com/s?k=deutsch+connector+terminal+repair+kit
4444|12295|Heavy-duty J1939 handheld scan tool|https://www.amazon.com/s?k=heavy+duty+j1939+diesel+scan+tool
4488|12462|Aftertreatment lambda (O2) sensor|https://www.amazon.com/s?k=wideband+o2+lambda+sensor+heavy+duty
4530|12626|Aftertreatment lambda (O2) sensor|https://www.amazon.com/s?k=wideband+o2+lambda+sensor+heavy+duty
4572|12793|Accelerator Pedal Position Sensor (heavy-duty diesel)|https://www.amazon.com/s?k=Accelerator+Pedal+Position+Sensor+heavy-duty+diesel
4614|12960|Fuel Temperature Sensor (heavy-duty diesel)|https://www.amazon.com/s?k=Fuel+Temperature+Sensor+heavy-duty+diesel
4656|13120|Fuel Rail (common Rail) Pressure Sensor (heavy-duty diesel)|https://www.amazon.com/s?k=Fuel+Rail+common+Rail+Pressure+Sensor+heavy-duty+diesel
4698|13268|5V/8V Sensor Supply Rail circuit relay/fuse|https://www.amazon.com/s?k=5V/8V+Sensor+Supply+Rail+circuit+relay/fuse
4740|13416|Weatherpack/Deutsch connector pigtail repair kit|https://www.amazon.com/s?k=Weatherpack/Deutsch+connector+pigtail+repair+kit
4795|13580|Heavy-duty pneumatic solenoid valve (12V/24V)|https://www.amazon.com/s?k=heavy+duty+pneumatic+solenoid+valve+24v+truck
4868|13770|ABS tone (exciter) ring|https://www.amazon.com/s?k=truck+abs+tone+ring+exciter+ring
4869|13772|Matched heavy-duty truck tire|
4952|13975|Heavy-duty wheel speed sensor|https://www.amazon.com/s?k=heavy+duty+truck+wheel+speed+sensor
4953|13976|Wheel speed sensor extension/pigtail harness|https://www.amazon.com/s?k=truck+wheel+speed+sensor+pigtail+harness
5036|14178|Heavy-duty wheel speed sensor|https://www.amazon.com/s?k=heavy+duty+truck+wheel+speed+sensor
5037|14179|Wheel speed sensor extension/pigtail harness|https://www.amazon.com/s?k=truck+wheel+speed+sensor+pigtail+harness
5090|14356|ABS pressure modulator valve (WABCO/Bendix type)|https://www.amazon.com/s?k=truck+abs+pressure+modulator+valve
5134|14516|Steering angle sensor (SAS)|https://www.amazon.com/s?k=heavy+duty+truck+steering+angle+sensor
5176|14679|Dielectric grease / electrical contact cleaner|https://www.amazon.com/s?k=dielectric+grease+electrical+connector
5177|14682|Heavy-duty J1939 datalink analyzer / bus scan tool|https://www.amazon.com/s?k=j1939+can+bus+analyzer+tool
5248|14868|ABS tone (exciter) ring|https://www.amazon.com/s?k=truck+abs+tone+ring+exciter+ring
5249|14870|Matched heavy-duty truck tire|
5332|15078|ABS tone (exciter) ring|https://www.amazon.com/s?k=truck+abs+tone+ring+exciter+ring
5333|15080|Matched heavy-duty truck tire|
5408|15279|Heavy-duty pneumatic solenoid valve (12V/24V)|https://www.amazon.com/s?k=heavy+duty+pneumatic+solenoid+valve+24v+truck
5450|15445|ABS/ESC electronic control unit (dealer programmed)|
5492|15605|ABS/ESC electronic control unit (dealer programmed)|
5534|15731|ABS/ESC electronic control unit (dealer programmed)|
5576|15867|DEF/urea quality sensor|https://www.amazon.com/s?k=def+quality+sensor+heavy+duty+diesel
5618|16014|DEF line heater|https://www.amazon.com/s?k=def+line+heater+hose+heavy+duty
5660|16156|NOx sensor, downstream of SCR|https://www.amazon.com/s?k=nox+sensor+downstream+scr+heavy+duty+diesel
5702|16320|Accelerator Pedal Position Sensor (heavy-duty diesel)|https://www.amazon.com/s?k=Accelerator+Pedal+Position+Sensor+heavy-duty+diesel
5748|16485|Engine control unit / module (dealer-programmed)|
5796|16651|EGR valve actuator|https://www.amazon.com/s?k=egr+valve+heavy+duty+diesel
5841|16800|Dashboard Warning Lamp Or Indicator replacement bulb/module|https://www.amazon.com/s?k=Dashboard+Warning+Lamp+Or+Indicator+replacement+bulb/module
